found_date,auto_tier_guess,auto_score,myth_flag,source_api,title,authors,year,pub_date,type,venue,open_access,preprint,doi,url,query,status
2026-07-19,,,,Crossref,Patient's Satisfaction as a Subjective Criterion for Assessing the Quality of Work in Primary Level Healthcare Protection Units in Bosnia and Herzegovina,"Lejla Zunic, Ahmed Novo, Muharem Zildzic, Izet Masic",2200,2200,journal-article,International Journal on Biomedicine and Healthcare,?,,10.5455/ijbh.2023.11.216-226,https://doi.org/10.5455/ijbh.2023.11.216-226,remote work wellbeing productivity,NEW — to review
2026-07-19,,,,Crossref,The Effects of Relaxing Music on Life Distress and Maternal-fetal Attachment in Pregnant Women,", Mona Shokri Shams, Anahita Khodabakhshi-Koolaee, , Mohammad Reza Falsafinejad, ",2121,2121-2-1,journal-article,Journal of Client-Centered Nursing Care,?,,10.32598/jccnc.7.1.33.14,https://doi.org/10.32598/jccnc.7.1.33.14,loneliness work social connection,NEW — to review
2026-07-19,,,,Crossref,"Effect of Drought Stress, Soil Salinity, P. indica, and MWCNs on Biodegradation of Diesel Oil in the Pb- and Cd-Polluted Soil Under Cultivation of Triticale Plant",", Amir Hossein Baghaie",2121,2121-10-1,journal-article,Journal of Advances in Environmental Health Research,?,,10.32598/jaehr.9.4.1232,https://doi.org/10.32598/jaehr.9.4.1232,occupational stress cortisol HPA axis,NEW — to review
2026-07-19,,,,Crossref,Investigation and Optimization of Air Pollution Risk by a Multi-criteria Decision Making Method Using Fuzzy TOPSIS: A Case Study of Construction Workers,", Eghbal Sekhavati, Reza Jalilzadeh Yengejeh, ",2121,2121-10-1,journal-article,Journal of Advances in Environmental Health Research,?,,10.32598/jaehr.9.4.1229,https://doi.org/10.32598/jaehr.9.4.1229,attention interruptions knowledge workers,NEW — to review
2026-07-19,,,,Crossref,Personal traits and Organizational culture of people who work into the Greek banking sector,"Dimitrios Belias, Athanasios Koustelios, Lambros Sdolias, Konstantinos Varsanis, Dimitrios Kyriakou",2116,2116-7-4,journal-article,International Journal of Strategic Innovative Marketing,?,,10.15556/ijsim.03.02.005,https://doi.org/10.15556/ijsim.03.02.005,remote work wellbeing productivity,NEW — to review
2026-07-19,,,,Crossref,Personal traits and Job satisfaction of people who work into the Greek banking sector,"Dimitrios Belias, Athanasios Koustelios, George Aspridis, Konstantinos Varsanis, Stefanos Koffas",2116,2116-12-1,journal-article,International Journal of Strategic Innovative Marketing,?,,10.15556/ijsim.03.03.004,https://doi.org/10.15556/ijsim.03.03.004,remote work wellbeing productivity,NEW — to review
2026-07-19,,,,Crossref,Supervisors and subordinates relationship impact on job satisfaction and efficiency: The case of obstetric clinics in Greece,"G. Tsitmideli, M. Skordoulis, M. Chalikias, G. Sidiropoulos, A. Papagrigoriou",2116,2116-12-1,journal-article,International Journal of Strategic Innovative Marketing,?,,10.15556/ijsim.03.03.001,https://doi.org/10.15556/ijsim.03.03.001,work engagement job demands resources,NEW — to review
2026-07-19,,,,Crossref,Can Role Conflict and Autonomy make employees in the Greek Banking Organization satisfied and productive?,"Dimitrios Belias, Athanasios Koustelios, Aikaterini Gkolia, George Aspridis, Dimitrios Kyriakou, Konstantinos Varsanis",2115,2115-10-1,journal-article,International Journal of Strategic Innovative Marketing,?,,10.15556/ijsim.02.03.003,https://doi.org/10.15556/ijsim.02.03.003,technostress employees,NEW — to review
2026-07-19,,,,Crossref,Social Network Sites’ usage among Greek students in Western Macedonia,"I. Antoniadis, I. Koukoulis, P. Serdaris",2115,2115-10-1,journal-article,International Journal of Strategic Innovative Marketing,?,,10.15556/ijsim.02.03.005,https://doi.org/10.15556/ijsim.02.03.005,loneliness work social connection,NEW — to review
2026-07-19,,,,Crossref,WEB-BASED COLLABORATIVE LEARNING AND KNOWLEDGE SHARING IN INFORMAL BUSINESS NETWORKS,"George Stalidis, Costis Papadimitrakopoulos, Theocharis Tsakiris",2114,2114-12-10,journal-article,International Journal on Integrated Information Management,?,,10.15556/ijiim.01.02.002,https://doi.org/10.15556/ijiim.01.02.002,attention interruptions knowledge workers,NEW — to review
2026-07-19,,,,Crossref,It’s a Matter of Perspective: The Role of Aging Expectations and Self-Efficacy Towards Engagement in Healthy Lifestyles Among Older Adults,", Johnny Julvesano Yao Jr",2109,2109-9-16,journal-article,Asian/Pacific Island Nursing Journal,?,,10.31372/20190403.1057,https://doi.org/10.31372/20190403.1057,work engagement job demands resources,NEW — to review
2026-07-19,,,,Crossref,Germinability and antioxidant metabolism in Passiflora caerulea L. seeds exposed to salt stress,"José María Chaín, Humberto Causin",2108,2108,journal-article,Revista del Museo Argentino de Ciencias Naturales,?,,10.22179/revmacn.20.479,https://doi.org/10.22179/revmacn.20.479,occupational stress cortisol HPA axis,NEW — to review
2026-07-19,,,,Crossref,"Implementing a Just Culture: Perceptions of Nurse Managers of Required Knowledge, Skills and Attitudes","Michelle Freeman, Linda Morrow, Margo Cameron, Karen McCullough",2106,2106-12-6,journal-article,Canadian Journal of Nursing Leadership,?,,10.12927/cjnl.2016.24985,https://doi.org/10.12927/cjnl.2016.24985,attention interruptions knowledge workers,NEW — to review
2026-07-19,,,,Crossref,Organizational Commitment and Nurses Characteristics as Predictors of Job Involvement,"Kamila Alammar, Mashael Alamrani, Sara Alqahtani, Muayyad Ahmad",2106,2106-12-6,journal-article,Canadian Journal of Nursing Leadership,?,,10.12927/cjnl.2016.24983,https://doi.org/10.12927/cjnl.2016.24983,work engagement job demands resources,NEW — to review
2026-07-19,,,,Crossref,"Protection of Health Workers, Patients and Facilities in Times of Violence – Report",,2104,2104-3-31,journal-article,World Health &amp; Population,?,,10.12927/whp.2014.23757,https://doi.org/10.12927/whp.2014.23757,attention interruptions knowledge workers,NEW — to review
2026-07-19,,,,Crossref,Study of Rongban Tongmai granule on anti-oxidant stress in atherosclerosis,LIN Chengren,2100,2100-1-15,journal-article,China Journal of Chinese Materia Medica,?,,10.4268/cjcmm20110223,https://doi.org/10.4268/cjcmm20110223,occupational stress cortisol HPA axis,NEW — to review
2026-07-19,,,,Crossref,The Link between Hidden Hearing Loss and Cognitive Decline,"Srdjan M Vlajkovic, Belinda RongXin Han, Peter R Thorne",2091,2091-6-25,journal-article,Remedy Publications LLC.Journal of Neuroscience and Cognitive Studies,?,,10.25107/jncs-v3-id1013,https://doi.org/10.25107/jncs-v3-id1013,workplace burnout neuroscience,NEW — to review
2026-07-19,,,,Crossref,Patient Education as a Strategy for Provider Education and Engagement: A Case Study Using myJointReplacement.ca,"Tina Saryeddine, Charissa Levy, Aileen Davis, John Flannery, Susan Jaglal, Laurie Hurley",2088,2088-1-15,journal-article,Healthcare Quarterly,?,,10.12927/hcq.2013.19502,https://doi.org/10.12927/hcq.2013.19502,work engagement job demands resources,NEW — to review
2026-07-19,,,,Crossref,Social representations of quality of life at work among university staff : an exploratory study in a French university,"Nathalie Bernard, Joachim P. Lobos, Chloé Guillot-Soulez",2050,2050-1-4,journal-article,Gestion et management public,?,,10.3917/e.gmp.pr1.0017,https://doi.org/10.3917/e.gmp.pr1.0017,remote work wellbeing productivity,NEW — to review
2026-07-19,,,,Crossref,Developing entrepreneurial skills in arts training programs : employability issues for creative workers,"Djelloul Arezki, Cassandra Haller, Edina Soldo, Planet A Advisory",2050,2050-1-4,journal-article,Gestion et management public,?,,10.3917/e.gmp.pr1.0019,https://doi.org/10.3917/e.gmp.pr1.0019,attention interruptions knowledge workers,NEW — to review
2026-07-19,,,,OpenAlex,The stabilizing work of public actors. A study of the deployment of the Respect Module in French prisons,"Laurine Basse, Cadenza Academic Translations",2050,2050-01-01,article,Cairn.info,?,,,https://openalex.org/W7162820765,work engagement job demands resources,NEW — to review
2026-07-19,,,,Crossref,The Effect of Conflict and Termination of Employment on Employee's Work Spirit,", Christin Natalia Sianipar",2031,2031-2-19,journal-article,INTERNATIONAL JOURNAL OF MULTIDISCIPLINARY RESEARCH AND ANALYSIS,?,,10.47191/ijmra/v4-i2-15,https://doi.org/10.47191/ijmra/v4-i2-15,remote work wellbeing productivity,NEW — to review
2026-07-19,,,,Crossref,"Following Valentin Rasputin Valentin Rasputin’s Work: Answers and Questions: Monogr. / T. E. Avtukhovich et al.; Ed. by I. I. Plekhanova. Irkutsk: Irkutsk Univ. Press, 2014. 395 p. The Creative Personality of Valentin Rasputin: Painting – Feeling – Thought – Imagination – Revelation: Coll. of sci. art. / Ed. by I. I. Plekhanova$ FSBEI HPE «ISU». Irkutsk: Irkutsk Univ. Press, 2015. 503 p.",S. R. Smirnov,2031,2031-1-1,journal-article,Sibirskiy filologicheskiy zhurnal,?,,10.17223/18137083/55/26,https://doi.org/10.17223/18137083/55/26,remote work wellbeing productivity,NEW — to review
2026-07-19,,,,Crossref,Role of Strategic Management Accounting In Decent Work And Economic Growth In The Context Of Sustainable Development Goals (SDGs),"Delima Ramdani, Ricky Agustian, Yanuar Ramadhan",2030,2030-6-30,journal-article,"BIMA Journal  (Business, Management, &amp; Accounting Journal)",?,,10.37638/bima.7.1.109-116,https://doi.org/10.37638/bima.7.1.109-116,remote work wellbeing productivity,NEW — to review
2026-07-19,,,,Crossref,Impact du stress professionnel sur la santé physique des travailleurs : une revue systématique utilisant la méthode PRISMA,"Saida Toufik, Sabrine Battal",2030,2030-1-1,journal-article,Santé Publique,?,,10.3917/spub.pr2.0055,https://doi.org/10.3917/spub.pr2.0055,occupational stress cortisol HPA axis,NEW — to review
2026-07-19,,,,Crossref,Shaping tomorrows workplace: unveiling inclusion dynamics in the era of COVID-19,"Ghada Haddad, Charbel Chedrawi, Gloria Haddad",2028,2028,journal-article,International Journal of Business and Emerging Markets,?,,10.1504/ijbem.2028.10068034,https://doi.org/10.1504/ijbem.2028.10068034,workplace burnout neuroscience,NEW — to review
2026-07-19,,,,Crossref,Impact of leisure in reducing burnout risk of IT professionals,"R. Regin, G. Vidhya N.A., Archana Chaudhari, S. Sivakami N.A., R. Ramaydevi N.A.",2028,2028,journal-article,International Journal of Electronic Finance,?,,10.1504/ijef.2028.10069688,https://doi.org/10.1504/ijef.2028.10069688,workplace burnout neuroscience,NEW — to review
2026-07-19,,,,Crossref,"The role of organisational culture, occupational stress and job satisfaction in the IT sector and its impact on employee performance: a cross-country study","Sree Lekshmi Sreekumaran Nair, Jonathan Liu, Ozlem Ozdemir",2028,2028,journal-article,International Journal of Business Performance Management,?,,10.1504/ijbpm.2028.10079397,https://doi.org/10.1504/ijbpm.2028.10079397,occupational stress cortisol HPA axis,NEW — to review
2026-07-19,,,,Crossref,Between intent and experience: constraints and enablers of informal learning in knowledge work,"Oona Vuorio, Arto Reiman, Hannele Lampela, Päivi Kekkonen",2028,2028,journal-article,International Journal of Innovation and Learning,?,,10.1504/ijil.2028.10079403,https://doi.org/10.1504/ijil.2028.10079403,remote work wellbeing productivity,NEW — to review
2026-07-19,,,,Crossref,"Humane entrepreneurship, work-life balance, employee engagement, and the pursuit of Sustainable Development Goal 8 in Chinas technology sector China","Rupesh Regmi, Zhuo Zhang, Hashim Zameer, Priyanshu Kharel, Ayush Niroula",2028,2028,journal-article,International Journal of Management and Enterprise Development,?,,10.1504/ijmed.2028.10078861,https://doi.org/10.1504/ijmed.2028.10078861,remote work wellbeing productivity,NEW — to review
2026-07-19,,,,Crossref,Time series data-driven UAV sensor attack detection: an adaptive graph-time-frequency hybrid approach,"Junfeng Chen, Yuhang Zhou, Xingsi Xue",2028,2028,journal-article,International Journal of Automation and Control,?,,10.1504/ijaac.2028.10078430,https://doi.org/10.1504/ijaac.2028.10078430,hybrid work employee outcomes,NEW — to review
2026-07-19,,,,Crossref,Analysis of curvature-controlled dynamics in Casson hybrid nanofluids with thermal slip and internal heat generation,"Veera Brahmam Yadavalli, R. Archanareddy, S. Sunitha Devi",2028,2028,journal-article,International Journal of Mathematical Modelling and Numerical Optimisation,?,,10.1504/ijmmno.2028.10078148,https://doi.org/10.1504/ijmmno.2028.10078148,hybrid work employee outcomes,NEW — to review
2026-07-19,,,,Crossref,The Impacts of Leadership on Employee Commitment: Insights from Adinas General Hospital and Gamby Teaching General Hospital,"Benegrew Mengiste, Ashenafi Asnakew",2028,2028,journal-article,International Journal of Applied Management Science,?,,10.1504/ijams.2028.10076251,https://doi.org/10.1504/ijams.2028.10076251,hybrid work employee outcomes,NEW — to review
2026-07-19,,,,Crossref,"Presentation of a model for evaluating the performance of universities and higher education institutions based on a hybrid pattern (case study: Herat, Afghanistan)","Sayed Mohammad Hussaini, Sayed Haidar Mirfakhradini",2028,2028,journal-article,International Journal of Business Performance Management,?,,10.1504/ijbpm.2028.10073153,https://doi.org/10.1504/ijbpm.2028.10073153,hybrid work employee outcomes,NEW — to review
2026-07-19,,,,Crossref,The impact of psychological safety on teacher innovation: the mediating role of metacognitive learning practices in higher education,"Nazish Khan, Sarfaraz Ahmad",2028,2028,journal-article,International Journal of Innovation and Learning,?,,10.1504/ijil.2028.10079488,https://doi.org/10.1504/ijil.2028.10079488,psychological safety teams,NEW — to review
2026-07-19,,,,Crossref,Exploring Structural and Psychological Antecedents of Organizational Performance: The Roles of Employee Agility and Voice,Farrukh Abbas,2028,2028,journal-article,International Journal of Applied Management Science,?,,10.1504/ijams.2028.10077435,https://doi.org/10.1504/ijams.2028.10077435,psychological safety teams,NEW — to review
2026-07-19,,,,Crossref,AI-Enhanced Wireless Sensor Network for Proactive Structural Health Monitoring in Large-Scale Infrastructure,Qinzhe Zhang,2028,2028,journal-article,International Journal of Internet Manufacturing and Services,?,,10.1504/ijims.2028.10076794,https://doi.org/10.1504/ijims.2028.10076794,human-AI collaboration workplace,NEW — to review
2026-07-19,,,,Crossref,Visual Communication Design Style Recognition and Automatic Creation Technology Based on Deep Learning and Generative Adversarial Network (GAN),"Lianghua Ma, Li Yan, Yuxing Ye, Meihuan Chen",2028,2028,journal-article,International Journal of Arts and Technology,?,,10.1504/ijart.2028.10079209,https://doi.org/10.1504/ijart.2028.10079209,generative AI worker productivity,NEW — to review
2026-07-19,,,,Crossref,Psychological Mechanisms of Youth Involvement in Extremist and Terrorist Organizations (Using the Example of Social Networks),"O.D. Gurina, A.F. Remeeva",2027,2027-9-27,journal-article,Psychology and Law,?,,10.17759/psylaw.2024140301,https://doi.org/10.17759/psylaw.2024140301,psychological safety teams,NEW — to review
2026-07-19,,,,Crossref,Technological impact on work life through integration of workplace learning and higher technical education learning: Stakeholders’ perspective,James Elikana Mmari,2027,2027-7-20,book-chapter,Global Perspectives on Quality of Working Life,?,,10.51432/978-1-914266-09-6-2,https://doi.org/10.51432/978-1-914266-09-6-2,workplace burnout neuroscience,NEW — to review
2026-07-19,,,,Crossref,Embedding Happiness at Workplace for Quality of Work Life: Challenges and Opportunities,Randa El Bedawy,2027,2027-7-20,book-chapter,Global Perspectives on Quality of Working Life,?,,10.51432/978-1-914266-09-6-3,https://doi.org/10.51432/978-1-914266-09-6-3,workplace burnout neuroscience,NEW — to review
2026-07-19,,,,Crossref,Future of Quality of Work Life Post Pandemic Era,Patryk Makowski,2027,2027-7-20,book-chapter,Global Perspectives on Quality of Working Life,?,,10.51432/978-1-914266-09-6-5,https://doi.org/10.51432/978-1-914266-09-6-5,remote work wellbeing productivity,NEW — to review
2026-07-19,,,,Crossref,COGNITIVE WORKLOAD AND FATIGUE IN A HUMAN-ROBOT COLLABORATIVE ASSEMBLY WORKSTATION: A PILOT STUDY,"Joana Santos, Mariana Ferraz, Ana Pinto, Luis F. Rocha, Carlos M. Costa, Ana C. Simões",2027,2027-7,proceedings-article,International Symposium on Occupational Safety and Hygiene: Proceedings Book of the SHO2023,?,,10.24840/978-989-54863-4-2_0327-0334,https://doi.org/10.24840/978-989-54863-4-2_0327-0334,occupational stress cortisol HPA axis,NEW — to review
2026-07-19,,,,Crossref,The role of dormancy in survival under periodic stress: A delayed chemostat model,"Ruben Taieb, Mostafa Adimy, Pablo Amster",2027,2027-4,journal-article,Nonlinear Analysis: Real World Applications,?,,10.1016/j.nonrwa.2026.104700,https://doi.org/10.1016/j.nonrwa.2026.104700,occupational stress cortisol HPA axis,NEW — to review
2026-07-19,,,,Crossref,Origin of interfacial stress in homoepitaxial GaN grown by Na-flux method,"Xiaohui Peng, Zongliang Liu, Tao Zhang, Kexin Chen, Xiaoming Dong, Mengya Li",2027,2027-2,journal-article,Journal of Materials Science &amp; Technology,?,,10.1016/j.jmst.2026.05.061,https://doi.org/10.1016/j.jmst.2026.05.061,occupational stress cortisol HPA axis,NEW — to review
2026-07-19,,,,Crossref,"Mitigation of cyclophosphamide-induced nephrotoxicity by raspberry ketones through modulating oxidative stress, inflammation, and apoptosis in rats","Mahrous A. Ibrahim, Athar M. Khalifa, Heba N. Gad EL-Hak, Medhat M. Farag, Waleed E. Abo Baraka, Hany Goda Tammam",2027,2027-2,journal-article,Tissue and Cell,?,,10.1016/j.tice.2026.103763,https://doi.org/10.1016/j.tice.2026.103763,occupational stress cortisol HPA axis,NEW — to review
2026-07-19,,,,Crossref,Ductility enhancement mechanism of stress-aged Al-Zn-Mg-Cu alloy considering the role of precipitation free zone,"Zinan Cheng, Cunsheng Zhang, Zijie Meng, Zhenyu Liu, Rui Yang, Liang Chen",2027,2027-2,journal-article,Journal of Materials Science &amp; Technology,?,,10.1016/j.jmst.2026.06.002,https://doi.org/10.1016/j.jmst.2026.06.002,occupational stress cortisol HPA axis,NEW — to review
2026-07-19,,,,Crossref,Going beyond a stress reliever: A human-supported mindfulness intervention enhances daily psychological and behavioral functioning among hospitality employees,"Yuting Fan, Deniz Kucukusta, Liu Han, Xingyu Wang, Jingwen Yan",2027,2027-2,journal-article,Tourism Management,?,,10.1016/j.tourman.2026.105498,https://doi.org/10.1016/j.tourman.2026.105498,psychological safety teams,NEW — to review
2026-07-19,,,,Crossref,"Feasibility study on the preheating combustion of size-classified coal gasification fine slag in a model pulverized coal furnace: burnout, gaseous pollutant, and particulate matter","Xiaopan Zhang, Zhaochen Shi, Yongqiang Chen, Jing Pu, Wei Yu, Gaofeng Dai",2027,2027-1,journal-article,Fuel,?,,10.1016/j.fuel.2026.140473,https://doi.org/10.1016/j.fuel.2026.140473,workplace burnout neuroscience,NEW — to review
2026-07-19,,,,Crossref,From family obligation to organizational behavior: A comparative study of filial piety in Asian and Asian American employees,"Kavitha Haldorai, Woo Gon Kim, Jun (Justin) Li",2027,2027-1,journal-article,International Journal of Hospitality Management,?,,10.1016/j.ijhm.2026.104834,https://doi.org/10.1016/j.ijhm.2026.104834,technostress employees,NEW — to review
2026-07-19,,,,Crossref,How and when does occupational stigma perception undermine service employees’ proactive customer service performance? The role of core self-evaluation,"Shuai Zhou, Ni Yi",2027,2027-1,journal-article,International Journal of Hospitality Management,?,,10.1016/j.ijhm.2026.104833,https://doi.org/10.1016/j.ijhm.2026.104833,technostress employees,NEW — to review
2026-07-19,,,,Crossref,Impact of mortality salience on the citizenship behavior of hotel employees: A construal level theory perspective,"Chaowu Xie, Rui Hu, Jiangchi Zhang, Die Ouyang, Songshan (Sam) Huang",2027,2027-1,journal-article,International Journal of Hospitality Management,?,,10.1016/j.ijhm.2026.104803,https://doi.org/10.1016/j.ijhm.2026.104803,technostress employees,NEW — to review
2026-07-19,,,,OpenAlex,"Exploring the Relationships Between Emotional Intelligence, Perceived Organizational Support, Job Satisfaction, and Intent to Stay Among Minnesota School Nurses",Kristin K Coudron,2027,2027-05-06,dissertation,RED - a Repository of Digital Collections (Minnesota State University Moorhead),OA,,,https://openalex.org/W7165284361,workplace burnout neuroscience,NEW — to review
2026-07-19,,,,OpenAlex,"Innovation amidst Turmoil, Part 2: Narratives and Sensemaking among German Managers during the Pandemic","Veronica Hector, Michael P. Schlaile, Lukas Bäuerle, Jonathan Friedrich, Jana Zscheischler, Luis Peters",2027,2027-01-01,other,Cairn.info,OA,,,https://openalex.org/W7162719679,psychological safety teams,NEW — to review
2026-07-19,,,,Crossref,Assessing the relationship between occupational stressors and accountants performance and burnout: a neural network approach with extreme learning machine,"Abdulah Kürsat Merter, Gökhan Özer, Yavuz Selim Balcioglu, Yavuz Arslan",2027,2027,journal-article,Global Business and Economics Review,?,,10.1504/gber.2027.10077293,https://doi.org/10.1504/gber.2027.10077293,workplace burnout neuroscience,NEW — to review
2026-07-19,,,,Crossref,Impact of Workplace Environment on Mental Health: a Bibliometric Analysis and Future Research Direction,"Komal Kapoor, Swati Sharma, Pooja Rastogi, Isha Bhardwaj, Indira Priyadarsani",2027,2027,journal-article,International Journal of Work Organisation and Emotion,?,,10.1504/ijwoe.2027.10078460,https://doi.org/10.1504/ijwoe.2027.10078460,workplace burnout neuroscience,NEW — to review
2026-07-19,,,,Crossref,Antecedents of job burnout in the Saudi labour market: job satisfaction as a mediator,"Abelmohsen A. Nassani, Abdulmajeed S. Alanazi, Suad Dukhaykh",2027,2027,journal-article,International Journal of Business Performance Management,?,,10.1504/ijbpm.2027.10069233,https://doi.org/10.1504/ijbpm.2027.10069233,workplace burnout neuroscience,NEW — to review
2026-07-19,,,,Crossref,Managing workplace engagement: role of mindfulness and resilience,"G.N. Anitha Elavarasi, G.N. Sumathi N.A.",2027,2027,journal-article,International Journal of Management Practice,?,,10.1504/ijmp.2027.10078970,https://doi.org/10.1504/ijmp.2027.10078970,workplace burnout neuroscience,NEW — to review
2026-07-19,,,,Crossref,The effect of virtual workplace ostracism on employee proactive behaviour: mediating role of dark trait personality,"Reetika Bajpai, Raghavendra Pratap Singh, Upasana Shukla, Vivek SIngh Sachan",2027,2027,journal-article,International Journal of Innovation and Learning,?,,10.1504/ijil.2027.10077703,https://doi.org/10.1504/ijil.2027.10077703,workplace burnout neuroscience,NEW — to review
2026-07-19,,,,Crossref,Neuroscience and Rehabilitation of Chronic Pain - Foundations for Evidence-Based Practice [Working Title],,2027,2027,edited-book,,?,,10.5772/intechopen.1009720,https://doi.org/10.5772/intechopen.1009720,workplace burnout neuroscience,NEW — to review
2026-07-19,,,,Crossref,Leadership styles and emotional intelligence: a dynamic interplay in the contemporary workplace,"Sonia Elizebeth Thomas, Jins George, A.J. Joshua",2027,2027,journal-article,Global Business and Economics Review,?,,10.1504/gber.2027.10077971,https://doi.org/10.1504/gber.2027.10077971,workplace burnout neuroscience,NEW — to review
2026-07-19,,,,Crossref,Inclusive leadership as evolving practice: a longitudinal study of workplace learning in an organisational context,Fredrik Hillberg Jarl N.A.,2027,2027,journal-article,International Journal of Management Practice,?,,10.1504/ijmp.2027.10079845,https://doi.org/10.1504/ijmp.2027.10079845,workplace burnout neuroscience,NEW — to review
2026-07-19,,,,Crossref,Unlocking Pathways to Job Performance Among Bank Employees: Evidence from Foreign Bank Branches in Vietnam,"Vuong Bui Nhat, Hieu Vo Thi, Trung Duong Minh",2027,2027,journal-article,International Journal of Work Organisation and Emotion,?,,10.1504/ijwoe.2027.10076988,https://doi.org/10.1504/ijwoe.2027.10076988,technostress employees,NEW — to review
2026-07-19,,,,Crossref,Environmental knowledge and policy: antecedents of employees green behaviour,"Ma. Riza T. Manalo, Hernani D. Manalo N.A.",2027,2027,journal-article,International Journal of Business Performance Management,?,,10.1504/ijbpm.2027.10071510,https://doi.org/10.1504/ijbpm.2027.10071510,technostress employees,NEW — to review
2026-07-19,,,,Crossref,The impact of human resource management practices on employees innovative work behaviour,"Thi Ngoc Thuy Tran, Manh Hien Luc, Chien Van Nguyen",2027,2027,journal-article,International Journal of Business and Systems Research,?,,10.1504/ijbsr.2027.10077883,https://doi.org/10.1504/ijbsr.2027.10077883,technostress employees,NEW — to review
2026-07-19,,,,Crossref,"Linking ethical leadership to employees occupational safety during a crisis, with organisational communication as a mediator",Aram Hanna Massoudi,2027,2027,journal-article,International Journal of Management and Enterprise Development,?,,10.1504/ijmed.2027.10075508,https://doi.org/10.1504/ijmed.2027.10075508,technostress employees,NEW — to review
2026-07-19,,,,OpenAlex,TaIlored ManagEment of Sleep (TIMES) for people with dementia and mild cognitive impairment in primary care in England: protocol for a feasibility cluster-randomised controlled trial,"Jayden van Horik, Louise Allan, Aidin Aryankhesal, Niall M. Broomfield, P Greenstreet, Andrea Hilton",2026,2026-12-31,article,Aston Publications Explorer (Aston University),?,,,https://openalex.org/W7148217323,manager training mental health at work,NEW — to review
2026-07-19,,,,Crossref,A Hungarian Employee of the VOC: The Adventures of András Jelky,Gábor Pusztai,2026,2026-12-31,book-chapter,Early Modern Overseas Careers,?,,10.1515/9789633868836-008,https://doi.org/10.1515/9789633868836-008,technostress employees,NEW — to review
2026-07-19,,,,Crossref,CHAPTER 5 The Impact of the Startup Financing System on Employees,,2026,2026-12-31,book-chapter,Untamed Unicorns,?,,10.4159/9780674305472-007,https://doi.org/10.4159/9780674305472-007,technostress employees,NEW — to review
2026-07-19,,,,OpenAlex,The relationship between socially aversive personality of project managers and project performance : Evidence from the UAE,"Khalid Khalfan Mohamed Al Naqbi, Udechukwu Ojiako, Maxwell Chipulu, Malcolm Higgs, Terry Williams, Fikri Dweiri",2026,2026-12-01,article,Strathprints: The University of Strathclyde institutional repository (University of Strathclyde),OA,,,https://openalex.org/W7149224596,human-AI collaboration workplace,NEW — to review
2026-07-19,,,,OpenAlex,Evidence synthesis methods for overcoming data scarcity in child health research: a focus on antiemetic medications for preventing chemotherapy-induced nausea and vomiting in children,Ruth Walker,2026,2026-11-01,dissertation,"White Rose eTheses Online (University of Leeds, The University of Sheffield, University of York)",OA,,,https://openalex.org/W7160804438,psychological safety teams,NEW — to review
2026-07-19,,,,OpenAlex,Evaluation of the Work and Health Service,"Richard Crisp, Del Fletcher, Jamie Redman, Elizabeth Sanderson",2026,2026-09-30,book,SHURA (Sheffield Hallam University Research Archive) (Sheffield Hallam University),OA,,,https://openalex.org/W7163781874,manager training mental health at work,NEW — to review
2026-07-19,,,,OpenAlex,From Work-from-Home to Return-to-Office: A Theory-Anchored Reddit Study of Remote Work Discourse,"Zheng Cui, Zixing Shen",2026,2026-08-15,article,Journal of the Association for Information Systems,OA,,,https://openalex.org/W7166255613,hybrid work employee outcomes,NEW — to review
2026-07-19,,,,OpenAlex,Collaboration in Temporary Asynchronous Online Teams: An Exploratory Study of Trust and Engagement,"Elena Nissing, Kirsimarja Blomqvist, Dominik Siemon",2026,2026-08-15,article,Journal of the Association for Information Systems,?,,,https://openalex.org/W7164617351,psychological safety teams,NEW — to review
2026-07-19,,,,OpenAlex,"Green GenAI or, Dirty Infrastructure: Employees’ Perceived Ecological Impact Transparency of LLMs at Work",Lutfi Al Nahin,2026,2026-08-15,article,Journal of the Association for Information Systems,?,,,https://openalex.org/W7164620898,generative AI worker productivity,NEW — to review
2026-07-19,,,,OpenAlex,The Invisible Gap: How AI Productivity Masks Eroding Expertise in Knowledge Work – and what to do about it,Alina Asisof,2026,2026-08-15,article,Journal of the Association for Information Systems,OA,,,https://openalex.org/W7166258648,generative AI worker productivity,NEW — to review
2026-07-19,,,,OpenAlex,The Efficiency Paradox of Workplace AI: Understanding AI-Enabled Cyberloafing,"Mariia Kyrychenko, Sara Memarian Esfahani",2026,2026-08-15,article,Journal of the Association for Information Systems,OA,,,https://openalex.org/W7166272010,generative AI worker productivity,NEW — to review
2026-07-19,,,,OpenAlex,The Relationship Between Depression and Cognitive Proficiency Index Across Biological Sex,Angela N Ferdinardo,2026,2026-08-01,article,Digital Commons at National Lewis University (National Lewis University),OA,,,https://openalex.org/W7167653026,occupational stress cortisol HPA axis,NEW — to review
2026-07-19,,,,OpenAlex,Distributed Leadership Applied: The Role of Professional Learning Communities in the Emergence and Development of Teacher Leadership,Grace M Bellamy,2026,2026-08-01,article,Digital Commons - East Tennessee State University (East Tennessee State University),?,,,https://openalex.org/W7163778577,human-AI collaboration workplace,NEW — to review
2026-07-19,,,,OpenAlex,ROLE OF STIGMA ON ENGAGEMENT IN MENTAL HEALTH SERVICES FOR LATINXS WITH FIRST-EPISODE PSYCHOSIS (FEP),Livia J Padron Briceno,2026,2026-08-01,article,"CSUSB ScholarWorks (California State University, San Bernardino)",OA,,,https://openalex.org/W7169478173,manager training mental health at work,NEW — to review
2026-07-19,,,,OpenAlex,COMPARATIVE ANALYSIS OF MIGRAINE-RELATED DISABILITY AMONG HOMEMAKERS AND WORKING WOMEN USING THE MIDAS TOOL – A PILOT STUDY,"Amreen Shaikh, Tajuddin Chitapure, Tulsi Sarda, Devyani Moharil, Rucha Patil, Akash Tandale",2026,2026-07-18,article,International Journal of Drug Delivery Technology,OA,,10.25258/ijddt.16.66s.1,https://doi.org/10.25258/ijddt.16.66s.1,occupational stress cortisol HPA axis,NEW — to review
2026-07-19,,,,OpenAlex,EMPLOYEE WELL-BEING IN HEALTHCARE ORGANIZATIONS AND ITS IMPACT ON ORGANIZATIONAL PERFORMANCE: AN EMPIRICAL STUDY,"Rituraj Das, Ajay Chaurasia",2026,2026-07-18,article,International Journal of Drug Delivery Technology,OA,,10.25258/ijddt.16.66s.2,https://doi.org/10.25258/ijddt.16.66s.2,remote work wellbeing productivity,NEW — to review
2026-07-19,,,,OpenAlex,The era of platform work in the care Italian care system,Andrea Ciarini,2026,2026-07-18,article,Journal of Emerging Perspectives,OA,,10.36253/jep-20883,https://doi.org/10.36253/jep-20883,hybrid work employee outcomes,NEW — to review
2026-07-19,,,,OpenAlex,Development and validation of a core competency framework for professional tennis coaches in China,"Wenfang Zhang, Qian Cai, Yong Ke",2026,2026-07-18,article,Scientific Reports,OA,,10.1038/s41598-026-62973-7,https://doi.org/10.1038/s41598-026-62973-7,human-AI collaboration workplace,NEW — to review
2026-07-19,,,,OpenAlex,"From automation to agency: The paradigm of agentic AI across technology, society and the ontology of work","Valerio Cencig, Mario D’Almo",2026,2026-07-18,article,Journal of Emerging Perspectives,OA,,10.36253/jep-20885,https://doi.org/10.36253/jep-20885,generative AI worker productivity,NEW — to review
2026-07-19,,,,OpenAlex,The Impact of Chronic Academic and Occupational Stress on Post-Exercise Recovery: a Narrative Review of the Medical Evidence,"Maja Kwiatkowska, Jakub Palian, Karolina Huzarska, Szymon Kurzyński, Aleksandra Baraniecka",2026,2026-07-17,review,Quality in Sport,OA,,10.12775/qs.2026.64.73747,https://doi.org/10.12775/qs.2026.64.73747,occupational stress cortisol HPA axis,NEW — to review
2026-07-19,,,,OpenAlex,"The Long-Term Impact of Permanent Remote Work on Productivity, Creativity, and Well-Being in Technology Sectors",Garima Choudhary,2026,2026-07-17,article,International Journal of Science and Research (IJSR),OA,,10.21275/sr26626203250,https://doi.org/10.21275/sr26626203250,remote work wellbeing productivity,NEW — to review
2026-07-19,,,,OpenAlex,Effects of climate change-induced stressors on sexual and reproductive health and rights: adaptation and resilience among women in an urban coastal city in Ghana,"Fred Yao Gbagbo, Frank Quansah, Gifty Nana Yaa Rockson, Stephanie Audrey Ameyaw, Harrison Kwame Golo",2026,2026-07-17,article,Marine Development,OA,,10.1007/s44312-026-00086-5,https://doi.org/10.1007/s44312-026-00086-5,attention interruptions knowledge workers,NEW — to review
2026-07-19,,,,OpenAlex,Research on the Transformation Path of Social Organizations under the Two-Way Empowerment Mechanism: A Practical Analysis Based on the K Social Work Center,Bingchao Liu,2026,2026-07-17,article,Asia Pacific Economic and Management Review,OA,,10.62177/apemr.v3i4.1561,https://doi.org/10.62177/apemr.v3i4.1561,attention interruptions knowledge workers,NEW — to review
2026-07-19,,,,OpenAlex,"United in stress, divided in response: grandparent–grandchild differences in COVID-19 protective attitudes and intergenerational conflict: findings from a Swiss survey","Alexander Seifert, Benedikt Hassler",2026,2026-07-17,article,Frontiers in Sociology,OA,,10.3389/fsoc.2026.1847454,https://doi.org/10.3389/fsoc.2026.1847454,loneliness work social connection,NEW — to review
2026-07-19,,,,OpenAlex,A Brief Self-Help Intervention for Anxiety and Depressive Symptoms Utilizing Cognitive Behavioral Therapy and Dialectical Behavior Therapy Within Correctional Settings,Genevieve Ray,2026,2026-07-17,dissertation,,OA,,10.56902/etdcrp.2026.25,https://doi.org/10.56902/etdcrp.2026.25,loneliness work social connection,NEW — to review
2026-07-19,,,,OpenAlex,The Role of Cognitive Processes in Air Traffic Control: Theory and Practice,Seda Çeken,2026,2026-07-17,book,Özgür Yayınları eBooks,OA,,10.58830/ozgur.pub1378,https://doi.org/10.58830/ozgur.pub1378,sleep deprivation cognitive performance work,NEW — to review
2026-07-19,,,,OpenAlex,"Selected Medicinal Plants in the Alleviation of Depression, Sleep Disorders, Stress, and Related Mental Disorders","Maja Gałuszka, A. Adamczyk, Aleksandra Gałuszka, Karolina Mazur, Renata Gałuszka, Milena Adamczyk",2026,2026-07-17,article,Journal of Education Health and Sport,OA,,10.12775/jehs.2026.94.72857,https://doi.org/10.12775/jehs.2026.94.72857,sleep deprivation cognitive performance work,NEW — to review
2026-07-19,,,,OpenAlex,"Perioperative neurocognitive disorders as a neuroimmune landscape disorder: microglial priming, state heterogeneity, and time-dependent neuroinflammation","Mengjie Chen, Jiaqi Ning, Jiaxi Liu, Guanzheng Zhang, Siyi Xie, Ruyu Yan",2026,2026-07-17,article,Frontiers in Immunology,OA,,10.3389/fimmu.2026.1874245,https://doi.org/10.3389/fimmu.2026.1874245,sleep deprivation cognitive performance work,NEW — to review
2026-07-19,,,,OpenAlex,Is sugar addictive? Integrating evidence across addiction frameworks,"Sophie Hascher, Mike Kendig, Halley M. Pontes",2026,2026-07-17,article,Addiction Research & Theory,OA,,10.1080/16066359.2026.2703032,https://doi.org/10.1080/16066359.2026.2703032,sleep deprivation cognitive performance work,NEW — to review
2026-07-19,,,,OpenAlex,Andalusian composite indicator of psychosocial risks (ACIPR): A tool to assess differences of exposure for specific worker collectives,"Carlos de las Heras-Rosas, Jesús A. Carrillo-Castrillo, María del Carmen Pardo-Ferreira, Virginia Herrera Pérez",2026,2026-07-17,article,Journal of Safety Research,OA,,10.1016/j.jsr.2026.07.003,https://doi.org/10.1016/j.jsr.2026.07.003,job strain cardiovascular disease,NEW — to review
2026-07-19,,,,OpenAlex,From Academic Involution to Psychological Distress: The Mediating Role of Competitive Psychology in Depression–Anxiety–Stress Among College Students in Anhui Province,"X K Qi, Fang Cheng, Min Wang",2026,2026-07-16,article,Behavioral Sciences,OA,,10.3390/bs16071201,https://doi.org/10.3390/bs16071201,workplace burnout neuroscience,NEW — to review
2026-07-19,,,,OpenAlex,"Relationship between functional network integrity, cognition and fatigue at long-term follow-up in patients with IDH-mutated gliomas","Gaia Olivo, Isabelle Linnea Rydén, Alice Neimantaite, Erik Thurin, Asgeir Store Jakola",2026,2026-07-16,article,Frontiers in Human Neuroscience,OA,,10.3389/fnhum.2026.1860966,https://doi.org/10.3389/fnhum.2026.1860966,workplace burnout neuroscience,NEW — to review
2026-07-19,,,,OpenAlex,Psychological Stress as a Modulator of Handgrip Muscle Strength and Endurance in Healthy Young Adults,"Arijit Mazumdar, Mriganka Das",2026,2026-07-16,article,International Journal of Drug Delivery Technology,OA,,10.25258/ijddt.16.65s.165,https://doi.org/10.25258/ijddt.16.65s.165,occupational stress cortisol HPA axis,NEW — to review
2026-07-19,,,,OpenAlex,Cross-cultural impact of information anxiety on employee mental health in digital workplaces: a comparative study between Chinese and Western contexts,"Jiangsheng Zhou, Wenfeng ZHANG, Geng Fan, Xiwei Yue",2026,2026-07-16,article,Frontiers in Psychology,OA,,10.3389/fpsyg.2026.1775912,https://doi.org/10.3389/fpsyg.2026.1775912,occupational stress cortisol HPA axis,NEW — to review
2026-07-19,,,,OpenAlex,Re-politicising ‘Home’ as workplace: Gendered-Colonial logics in ‘Work from home’ and Domestic Labour,"Anukriti Dixit, Muneeb Ul Lateef Banday, Jovita dos Santos Pinto",2026,2026-07-16,article,sozialpolitik ch,OA,,10.18753/2297-8224-8508,https://doi.org/10.18753/2297-8224-8508,remote work wellbeing productivity,NEW — to review
2026-07-19,,,,OpenAlex,Adaptive occupational alignment: a processual model of workforce reintegration after spinal cord injury,"Armand Bam, Ella van der Merwe",2026,2026-07-16,article,Frontiers in Public Health,OA,,10.3389/fpubh.2026.1831601,https://doi.org/10.3389/fpubh.2026.1831601,remote work wellbeing productivity,NEW — to review
2026-07-19,,,,OpenAlex,Understanding climate change and wellbeing through Bhutan's pursuit of Gross National Happiness,Tashi Dorji,2026,2026-07-16,dissertation,Australasian Journal of Paramedicine,OA,,10.25958/hzem-2943,https://doi.org/10.25958/hzem-2943,remote work wellbeing productivity,NEW — to review
2026-07-19,,,,OpenAlex,Technostress forecasting in EFL classrooms: How digital fatigue and perceived AI ethical concerns shape digital burnout and undermine SDG-4 achievement,"Abdul Khalique Khoso, Wang Honggang",2026,2026-07-16,article,Acta Psychologica,OA,,10.1016/j.actpsy.2026.107396,https://doi.org/10.1016/j.actpsy.2026.107396,technostress employees,NEW — to review
2026-07-19,,,,OpenAlex,"Health Care Habits, Job-Related Stress and Job Performance of Librarians in Akwa Ibom State University Library, Ikot Akpaden, Akwa Ibom State, Nigeria: A Conceptual Review","Ekwere Emmanuel, Obot Akpanumoh",2026,2026-07-16,article,INTERNATIONAL JOURNAL OF PUBLIC RELATIONS AND SOCIAL SCIENCES,OA,,10.67487/ijprss.v2i3.258,https://doi.org/10.67487/ijprss.v2i3.258,technostress employees,NEW — to review
2026-07-19,,,,OpenAlex,Job Performance of Non-Teaching Personnel in Division Office in the Use of Information and Communication Technology,Jhelie Rose Ambrocio,2026,2026-07-16,article,International Journal For Multidisciplinary Research,OA,,10.36948/ijfmr.2026.v08i04.83831,https://doi.org/10.36948/ijfmr.2026.v08i04.83831,technostress employees,NEW — to review
2026-07-19,,,,OpenAlex,Parental Burnout and Adolescents’ Growth Mindset: An Exploratory Two-Wave Study,"Dayu Zhao, Jia Luo, Jianqiang Wang, Wei Wang, Yongxin Li",2026,2026-07-15,article,Behavioral Sciences,OA,,10.3390/bs16071194,https://doi.org/10.3390/bs16071194,workplace burnout neuroscience,NEW — to review
2026-07-19,,,,OpenAlex,Meditation Intensity and Work Productivity: The Role of Attentional Control in Contemporary Organisations,"Jok Kwi, Lauw Acep",2026,2026-07-15,article,SMARATUNGGA JURNAL OF EDUCATION AND BUDDHIST STUDIES,OA,,10.53417/sjebs.v6i1.183,https://doi.org/10.53417/sjebs.v6i1.183,workplace burnout neuroscience,NEW — to review
2026-07-19,,,,OpenAlex,Role of Beliefs About Emotions in Emotional Labour: A Study of Czech Senior Business Development Managers,Petra Sofia Horňáková,2026,2026-07-15,article,Central European Business Review,OA,,10.18267/j.cebr.421,https://doi.org/10.18267/j.cebr.421,workplace burnout neuroscience,NEW — to review
2026-07-19,,,,OpenAlex,Chronic stress and its impact on health,"Ευστράτιος Καραμαριόγλου Βενετία, Efstratios Karamarioglou Venetia",2026,2026-07-15,other,Harokopio University,OA,,10.26258/heal.hua.7711,https://doi.org/10.26258/heal.hua.7711,occupational stress cortisol HPA axis,NEW — to review
2026-07-19,,,,OpenAlex,"PERAN MEDIASI QUALITY OF WORK LIFE DALAM HUBUNGAN ANTARA KOMPENSASI FINANSIAL, DIGITAL FATIGUE, DAN TURNOVER INTENTION","Restika Putri Fajar Sari, Tri Kartika Pertiwi, G. Oka Warmana",2026,2026-07-15,article,ACADEMIA Jurnal Inovasi Riset Akademik,OA,,10.51878/academia.v6i3.12473,https://doi.org/10.51878/academia.v6i3.12473,technostress employees,NEW — to review
2026-07-19,,,,OpenAlex,From stress to exhaustion: the mediating role of meaning of work in the relationship between role conflict and emotional exhaustion among preschool teachers,"Lisu She, Hongyu Hu",2026,2026-07-15,article,Frontiers in Psychology,OA,,10.3389/fpsyg.2026.1828845,https://doi.org/10.3389/fpsyg.2026.1828845,technostress employees,NEW — to review
2026-07-19,,,,OpenAlex,Evaluation of AI Tools in Terms of Sustainable Workforce Productivity and Their Impact on Organizational Outcomes Using an Intuitionistic Fuzzy Approach,"Adis Puška, Jurica Bosna, Darko Božanić",2026,2026-07-15,article,Journal of Operations Intelligence,OA,,10.31181/jopi41202665,https://doi.org/10.31181/jopi41202665,technostress employees,NEW — to review
2026-07-19,,,,OpenAlex,Impact of sleep quality on work-related musculoskeletal disorders among nurses: a structural equation model integrating psychosocial factors,"Lai Lichong, Dong Pengxin, Pan Qini, Peng Jie, Wu Haichen, Li Zhixin",2026,2026-07-15,article,Frontiers in Public Health,OA,,10.3389/fpubh.2026.1881980,https://doi.org/10.3389/fpubh.2026.1881980,job strain cardiovascular disease,NEW — to review
2026-07-19,,,,OpenAlex,Bouncing back from stress: objective markers of expressive flexibility and resilience in emergency healthcare workers using computer vision,"Charlotte E. Hilberdink, Yiwen Zhao, Scott McKernan, Sapir Gershov, Victoria Mueller, Stephen P. Wall",2026,2026-07-14,article,NPP—Digital Psychiatry and Neuroscience,OA,,10.1038/s44277-026-00067-y,https://doi.org/10.1038/s44277-026-00067-y,workplace burnout neuroscience,NEW — to review
2026-07-19,,,,OpenAlex,Biological Markers of Burnout Severity: A Systematic Review,"Maddalena Balia, Franck Zenasni, Maryne Lepoittevin, Alaedine Benani, Renzo Bianchi, Adrien Julian",2026,2026-07-14,review,Stress and Health,OA,,10.1002/smi.70205,https://doi.org/10.1002/smi.70205,occupational stress cortisol HPA axis,NEW — to review
2026-07-19,,,,OpenAlex,Unifying the hallmarks of major depression through neuroimmune–metabolic–oxidative (NIMETOX) dysregulation: a mechanistic systems framework,"Michaël Maes, Abbas F. Almulla, Drozdstoj Stoyanov, Yingqiang Zhang",2026,2026-07-13,article,Cellular and Molecular Immunology,OA,,10.1038/s41423-026-01448-1,https://doi.org/10.1038/s41423-026-01448-1,occupational stress cortisol HPA axis,NEW — to review
2026-07-19,,,,OpenAlex,The use of selected medicinal plants in the regulation of the autonomic nervous system through the neurotransmitter system during stress,"Maja Gałuszka, A. Adamczyk, Aleksandra Gałuszka, Kamila Krycia, Renata Gałuszka, Milena Adamczyk",2026,2026-07-13,article,Journal of Education Health and Sport,OA,,10.12775/jehs.2026.94.72859,https://doi.org/10.12775/jehs.2026.94.72859,occupational stress cortisol HPA axis,NEW — to review
2026-07-19,,,,EuropePMC,"""How do we want to be led?"" Team aspirations and adaptive leadership in virtual and hybrid work.","Coulston C, Shergill S, Twumasi R, Duncan M.",2026,2026-05-12,research-article; journal article,Int J Qual Stud Health Well-being,OA,,10.1080/17482631.2026.2673289,https://doi.org/10.1080/17482631.2026.2673289,workplace burnout neuroscience,NEW — to review
2026-07-19,,,,EuropePMC,"Cumulative trauma, neural circuits, and burnout: an integrative model of healthcare worker post-traumatic stress syndromes.","Taren AA, Paulus MP.",2026,2026-03-17,review-article; review; journal article,Eur J Psychotraumatol,OA,,10.1080/20008066.2026.2636453,https://doi.org/10.1080/20008066.2026.2636453,workplace burnout neuroscience,NEW — to review
2026-07-19,A?,10,,EuropePMC,What do we know about limiting after-hours availability expectations and work-related connectivity? A systematic review of interventions and policies.,"Nilsen W, Nordberg T, Lescoeur K, Ingelsrud MH, Egeland C.",2026,2026-02-06,research-article; systematic review; journal article,Scand J Work Environ Health,OA,,10.5271/sjweh.4277,https://doi.org/10.5271/sjweh.4277,technostress employees,NEW — to review
2026-07-19,A?,9,,EuropePMC,The Impact of Digital Leadership on Employee Resilience: The Mediating Roles of Work Gamification and Workplace Mindfulness and the Moderating Role of AI Anxiety.,"Ji Y, Wang X, Xia L, Wu H.",2026,2026-04-25,research-article; journal article,Behav Sci (Basel),OA,,10.3390/bs16050644,https://doi.org/10.3390/bs16050644,technostress employees,NEW — to review
2026-07-19,A?,9,,EuropePMC,"Sleep hygiene practices and excessive fatigue among nurses working at comprehensive specialized hospitals in Northwest, Ethiopia.","Segon T, Kibralew G, Aderaw M, Nakie G, Yenealem B, Seid E, Kerebih H.",2026,2026-03-06,research-article; journal article,Sleep Med X,OA,,10.1016/j.sleepx.2026.100182,https://doi.org/10.1016/j.sleepx.2026.100182,sleep deprivation cognitive performance work,NEW — to review
2026-07-19,B?,8,,EuropePMC,Within-person covariation between diurnal cortisol dysregulation and officer behavioral engagement in community supervision: A four-wave longitudinal study.,"Chen FR, Geleto H, Tsague JF, Adelana O.",2026,2026-06-01,journal article,Psychoneuroendocrinology,?,,10.1016/j.psyneuen.2026.107917,https://doi.org/10.1016/j.psyneuen.2026.107917,occupational stress cortisol HPA axis,NEW — to review
2026-07-19,B?,8,,EuropePMC,Multi-Omics Dissection of Drought Stress Responses in Crops: From Molecular Regulatory Networks to Climate-Resilient Breeding Applications.,"Ali B, Khan Z, Imin N, Janda T, Gholizadeh F.",2026,2026-06-01,review-article; review; journal article,Int J Mol Sci,OA,,10.3390/ijms27115008,https://doi.org/10.3390/ijms27115008,remote work wellbeing productivity,NEW — to review
2026-07-19,B?,7,,EuropePMC,Training and supervision of lay mental health workers in community-based interventions in East Africa: a scoping review.,"Kasujja R, Asiimwe R, Makumbi B, Goodluck C, Umugwaneza M, Luberenga I.",2026,2026-06-24,scoping review; review-article; journal article,Glob Health Action,OA,,10.1080/16549716.2026.2688571,https://doi.org/10.1080/16549716.2026.2688571,remote work wellbeing productivity,NEW — to review
2026-07-19,B?,7,,EuropePMC,Cash transfers targeting adolescent wellbeing: a scoping review of the literature in low- and middle-income countries.,"Crouch SH, Kolkenbeck-Ruh A, Kahn K, Micklesfield LK, Norris SA.",2026,2026-06-24,"scoping review; research support, non-u.s. gov't; review-article; review; journal article",Glob Health Action,OA,,10.1080/16549716.2026.2691385,https://doi.org/10.1080/16549716.2026.2691385,job strain cardiovascular disease,NEW — to review
2026-07-19,B?,7,,EuropePMC,Mental health and psychosocial support during ongoing armed conflict: position paper of the Global Collaboration on Traumatic Stress.,"Javakhishvili JD, Ruzek JI, Fréel S, Punski-Hoogervorst JL, Hoeboer CM, Olff M.",2026,2026-06-23,editorial; scoping review; consensus statement; journal article,Eur J Psychotraumatol,OA,,10.1080/20008066.2026.2678655,https://doi.org/10.1080/20008066.2026.2678655,loneliness work social connection,NEW — to review
2026-07-19,B?,7,,EuropePMC,"Virtual Dementia in the Digital Age: Neurocognitive Mechanisms, Behavioural Impact and Public Health Implications of Technology Overuse.","Subramanian A, Reddy RA, Ravichandran A, Sekar M, Wong LS, Chandra Y, R M, T T, K M, Kumarasamy V, Subramaniyan V.",2026,2026-06-14,review-article; review; journal article,Ann Neurosci,OA,,10.1177/09727531261420601,https://doi.org/10.1177/09727531261420601,workplace burnout neuroscience,NEW — to review
2026-07-19,B?,7,,EuropePMC,Social and Workplace Experiences of Individuals with a History of Cancer in Newfoundland and Labrador.,"King K, Bishop D, Budgell S, Vokey M, Skardasi G, Whitten C, Stuckless T, Etchegary H, Savas S.",2026,2026-06-13,research-article; journal article,Curr Oncol,OA,,10.3390/curroncol33060356,https://doi.org/10.3390/curroncol33060356,remote work wellbeing productivity,NEW — to review
2026-07-19,B?,7,,EuropePMC,Health Benefits of a Standardized &lt;i&gt;Ginkgo biloba&lt;/i&gt; Extract Associated With Phosphatidylserine in Alleviating Mental Stress and Cognitive Performance: Results From Two Exploratory Randomized Trials.,"Hawkins K, Davis J, Matias CA, Wilson G, Lowery R, Misiano P, Petrangolini G, Wilson J.",2026,2026-06-11,research-article; journal article,Food Sci Nutr,OA,,10.1002/fsn3.72001,https://doi.org/10.1002/fsn3.72001,remote work wellbeing productivity,NEW — to review
2026-07-19,B?,7,,EuropePMC,"Evaluating an Abbreviated Internet-Delivered Stress Recovery Intervention for Health Care Workers: Pre-Post Feasibility Study of Outcomes, Usability, and Acceptability.","Dumarkaite A, Käll A, Serapine R, Kazlauskas E.",2026,2026-06-05,research-article; journal article,JMIR Form Res,OA,,10.2196/89312,https://doi.org/10.2196/89312,workplace burnout neuroscience,NEW — to review
2026-07-19,B?,7,,EuropePMC,Network analysis of posttraumatic stress disorder and posttraumatic growth among patients with an intestinal stoma.,"Jiangenuer L, Wang X, Tuerdebieke W, Aihemaitiniyazi S, Liu C, Xu Z, Zhang X.",2026,2026-06-05,research-article; journal article,Asia Pac J Oncol Nurs,OA,,10.1016/j.apjon.2026.100988,https://doi.org/10.1016/j.apjon.2026.100988,sleep deprivation cognitive performance work,NEW — to review
2026-07-19,B?,7,,EuropePMC,"Associations between organizational cynicism, workplace alienation, and nurses' work effectiveness: A cross-sectional questionnaire survey.","Abousoliman AD, Hamed HM.",2026,2026-06-03,research-article; journal article,Int J Nurs Stud Adv,OA,,10.1016/j.ijnsa.2026.100588,https://doi.org/10.1016/j.ijnsa.2026.100588,work engagement job demands resources,NEW — to review
2026-07-19,B?,7,,EuropePMC,Understanding the nature-wellbeing relationship in adults: a qualitative metasynthesis review.,"van Bekkum JE, McDougall CW, Wendelboe-Nelson C, Mason SS, Williams AJ, Jepson R, Malden S.",2026,2026-06-01,review-article; review; journal article,Wellbeing Space Soc,OA,,10.1016/j.wss.2026.100359,https://doi.org/10.1016/j.wss.2026.100359,remote work wellbeing productivity,NEW — to review
2026-07-19,B?,7,,EuropePMC,What Characterizes Employees with Emotional Exhaustion and Employees with Work Overload?,,2026,2026-06-01,research-article; journal article,Int J Environ Res Public Health,OA,,,https://europepmc.org/abstract/PMC/PMC13299694,attention interruptions knowledge workers,NEW — to review
2026-07-19,B?,7,,EuropePMC,How Employee–AI Collaboration Influences Coworkers’ Helping Behaviour: An Attribution Theory Perspective,"Wu Y, Jiao Y.",2026,2026-06-01,research-article; journal article,Behav Sci (Basel),OA,,,https://europepmc.org/abstract/PMC/PMC13295898,technostress employees,NEW — to review
2026-07-19,B?,7,,EuropePMC,Assessing the antecedents behind after-hours work in teleworkers: a scoping review.,"Balakrishnar K, Long BS, Lo J, Fiorini LA, Gohar B, Nowrouzi-Kia B.",2026,2026-06-01,scoping review; research-article; journal article,J Public Health (Oxf),OA,,10.1093/pubmed/fdag015,https://doi.org/10.1093/pubmed/fdag015,technostress employees,NEW — to review
2026-07-19,B?,7,,EuropePMC,From policies to promotion: managers' views on opportunities for alcohol prevention at work.,"Sundqvist K, Martinez M.",2026,2026-05-26,research-article; journal article,Int J Qual Stud Health Well-being,OA,,10.1080/17482631.2026.2680736,https://doi.org/10.1080/17482631.2026.2680736,psychological safety teams,NEW — to review
2026-07-19,B?,7,,EuropePMC,Symptom management in cancer care: An evolutionary concept analysis for a digitally enabled collaborative framework.,"Yu W, Qiao S, Wang X, Wu X, Yang X, Wang L.",2026,2026-05-19,review-article; review; journal article,Asia Pac J Oncol Nurs,OA,,10.1016/j.apjon.2026.100982,https://doi.org/10.1016/j.apjon.2026.100982,loneliness work social connection,NEW — to review
2026-07-19,B?,7,,EuropePMC,Survey of the musculoskeletal radiology workforce: hybrid and remote (work from home) practice models.,"Shiang T, Thai E, Smith SE, Chang CY.",2026,2026-05-18,journal article,Skeletal Radiol,?,,10.1007/s00256-026-05252-w,https://doi.org/10.1007/s00256-026-05252-w,remote work wellbeing productivity,NEW — to review
2026-07-19,B?,7,,EuropePMC,The demands-control-support work stress model and risk of ischemic heart disease: causal inference based on observational epidemiology.,"Bonde JP, Skaaby S, Flachs EM, Dollard M, Keyes K, Rosengren A, Mehlum IS, Mikkelsen S.",2026,2026-04-17,systematic review; review; journal article,Scand J Work Environ Health,?,,10.5271/sjweh.4299,https://doi.org/10.5271/sjweh.4299,job strain cardiovascular disease,NEW — to review
2026-07-19,B?,7,,EuropePMC,"Associations of work- and personal-life-related techno-stressors with emotional exhaustion, sickness absenteeism, and turnover intentions in public administration.","Buzeti J, Dečman M, Kristl N.",2026,2026-04-06,review; journal article,Acta Psychol (Amst),?,,10.1016/j.actpsy.2026.106772,https://doi.org/10.1016/j.actpsy.2026.106772,technostress employees,NEW — to review
2026-07-19,B?,7,,EuropePMC,"Post-traumatic stress disorder: pathogenesis, epidemiological characteristics, animal models, and potential therapeutic strategies.","Nguyen F, Shetty AK.",2026,2026-03-25,review-article; review; journal article,Mil Med Res,OA,,10.1016/j.mmr.2026.100005,https://doi.org/10.1016/j.mmr.2026.100005,occupational stress cortisol HPA axis,NEW — to review
2026-07-19,B?,7,,EuropePMC,Association Between Dental Visits and Presenteeism Among Workers Receiving Workplace Oral Health Assessments: A Longitudinal Study in Japan-The Hitachi Oral Healthcare Survey.,"Yamamoto Y, Fujino Y, Kimura M, Kurita K, Chikazawa T, Sato Y, Nakagawa T, Sawada K, Murakami S.",2026,2026-03-24,research-article; journal article,J Occup Environ Med,OA,,10.1097/jom.0000000000003717,https://doi.org/10.1097/jom.0000000000003717,human-AI collaboration workplace,NEW — to review
2026-07-19,B?,7,,EuropePMC,Workplace violence against mental health professionals in Italy: a nationwide survey on prevalence and risk perception.,"Granata N, Gesi C, Fagiolini A, Migliarese G, Rocchetti M, Cerveri G.",2026,2026-03-13,research-article; journal article,Eur Arch Psychiatry Clin Neurosci,OA,,10.1007/s00406-026-02197-y,https://doi.org/10.1007/s00406-026-02197-y,workplace burnout neuroscience,NEW — to review
2026-07-19,B?,7,,EuropePMC,Making sense of activity-based workplaces: perspectives from staff in a municipal setting.,"Wall E, Löfstrand P, Vinberg S, Selander J.",2026,2026-02-13,research-article; journal article,Int J Qual Stud Health Well-being,OA,,10.1080/17482631.2026.2631081,https://doi.org/10.1080/17482631.2026.2631081,remote work wellbeing productivity,NEW — to review
2026-07-19,B?,7,,EuropePMC,Psychometric Properties and Measurement Equivalence of the Workplace Incivility Scale Across Cultures: Insights from Daily Diary Study.,"Iqbal M, Iqbal M, Bibi M, Yan Y, Yuan S, Mubarik S.",2026,2024-10-16,research-article; journal article,Psychol Rep,OA,,10.1177/00332941241293669,https://doi.org/10.1177/00332941241293669,attention interruptions knowledge workers,NEW — to review
2026-07-19,B?,6,,EuropePMC,OUTPACE Tobacco study protocol: a tobacco-free workplace program for dissemination and implementation in opioid use treatment programs in Texas.,"Moosa AB, Britton M, Siddiqi AD, Martinez Leal I, Chen TA, Minnix JA, Karam-Hage MA, Cinciripini PM, Sekhar MS, Reitzel LR.",2026,2026-07-17,im; journal article,Addict Sci Clin Pract,?,,10.1186/s13722-026-00696-w,https://doi.org/10.1186/s13722-026-00696-w,hybrid work employee outcomes,NEW — to review
2026-07-19,B?,6,,EuropePMC,The impact of a national transition of treatment platform on the acceptance of internet-delivered cognitive behavioral therapy: A longitudinal study among Norwegian therapists.,"Nævdal R, Vis C, Teig IL, de Beurs D, Kenter RMF.",2026,2026-06-13,research-article; journal article,Internet Interv,OA,,10.1016/j.invent.2026.100965,https://doi.org/10.1016/j.invent.2026.100965,generative AI worker productivity,NEW — to review
2026-07-19,B?,6,,EuropePMC,"'Today, I'll manage, but not all days!' Adult refugees' meaning-making of learning and coping with trauma and other emotional distress while in language training programmes.","Tomren JF, Opaas M.",2026,2026-06-10,research-article; journal article,Eur J Psychotraumatol,OA,,10.1080/20008066.2026.2677304,https://doi.org/10.1080/20008066.2026.2677304,work engagement job demands resources,NEW — to review
2026-07-19,B?,6,,EuropePMC,Factors associated with clinical leadership among cardiovascular nurses in China: a multicentre cross-sectional study.,"Wang L, Yu H, Wu L, Wu X, Chen Y.",2026,2026-06-09,research-article; multicenter study; journal article,Ann Med,OA,,10.1080/07853890.2026.2678681,https://doi.org/10.1080/07853890.2026.2678681,psychological safety teams,NEW — to review
2026-07-19,B?,6,,EuropePMC,Multimodal biomarker characterization of amnestic objective subtle cognitive decline in aging and preclinical Alzheimer's disease.,"López-Martos D, Cacciaglia R, Suárez-Calvet M, Salvadó G, Shekari M, González-Escalante A, Milà-Alomà M, Brugulat-Serrat A, Minguillon C, Tonietto M, Borroni E, Klein G, Quijano-Rubio C, Kollmorgen G, Zetterberg H, Blennow K, Gispert JD, Grau-Rivera O, Sánchez-Benavides G, ALFA study.",2026,2026-06-08,research-article; journal article; observational study,J Prev Alzheimers Dis,OA,,10.1016/j.tjpad.2026.100612,https://doi.org/10.1016/j.tjpad.2026.100612,hybrid work employee outcomes,NEW — to review
2026-07-19,B?,6,,EuropePMC,Exposure to war-related trauma and symptoms of complex posttraumatic stress disorder among children and adolescents in Gaza.,"El-Khodary B, Iriqat R, Abo-Shamla A, Ali M, Al-Delaimy W.",2026,2026-06-02,research-article; journal article,Eur J Psychotraumatol,OA,,10.1080/20008066.2026.2665509,https://doi.org/10.1080/20008066.2026.2665509,psychological safety teams,NEW — to review
2026-07-19,B?,6,,EuropePMC,The Relation Between Parenting Stress and Children’s Social Anxiety in Chinese Family: The Roles of Maladaptive Parenting and FKBP5 Gene Variation,"Zhang B, Wang D, Di H, Li Y, Gou S, Sun Y, Gong X, Bi T.",2026,2026-06-01,research-article; journal article,Behav Sci (Basel),OA,,,https://europepmc.org/abstract/PMC/PMC13295368,occupational stress cortisol HPA axis,NEW — to review
2026-07-19,B?,6,,EuropePMC,"'I Put a Lot of Emotion in My Work, I Use It, It's My Tool': An Ethnographic Account of Algorithmic Homecare Assistance in the Netherlands.","Bergamin E, Wallenburg I.",2026,2026-06-01,"research support, non-u.s. gov't; research-article; journal article",Sociol Health Illn,OA,,10.1111/1467-9566.70211,https://doi.org/10.1111/1467-9566.70211,remote work wellbeing productivity,NEW — to review
2026-07-19,B?,6,,EuropePMC,Why Hide AI Use? Psychological Configurations and Explainable Machine Learning Evidence from Marketing Work,"Mizrak F, Karakaya T.",2026,2026-06-01,research-article; journal article,Behav Sci (Basel),OA,,,https://europepmc.org/abstract/PMC/PMC13295997,technostress employees,NEW — to review
2026-07-19,B?,6,,EuropePMC,Traumatic brain injury and post-traumatic stress disorder on brain imaging markers and cognition in a war veterans population.,"Sibilia F, Fotouhi M, Lei X, Cabeen RP, Cen S, Choupan J, Hazany S, Sheikh-Bahaei N, Alzheimer's Disease Neuroimaging Initiative.",2026,2026-05-30,research-article; journal article,J Alzheimers Dis,OA,,10.1177/13872877261450973,https://doi.org/10.1177/13872877261450973,hybrid work employee outcomes,NEW — to review
2026-07-19,B?,6,,EuropePMC,"PROTOCOL: Artificial Intelligence and Other Digital Tools Used by, and for Community Health Workers (CHWs) in Low and Middle-Income Countries (LMICs) to Improve Outcomes and Increase Effectiveness: An Evidence and Gap Map.","Philbrick WC, Milnor J, Mekuria FT, Mbachu P, Mechael P, Ssennoga B, Aranda Z.",2026,2026-05-29,research-article; journal article,Campbell Syst Rev,OA,,10.1177/18911803261439093,https://doi.org/10.1177/18911803261439093,generative AI worker productivity,NEW — to review
2026-07-19,B?,6,,EuropePMC,Calibrated Deep-Learning Risk Indexing and Latent Behavioural Profiling for Occupational Mental-Health Risk Assessment,"Khan A, Rehman K, Junaid A, Iqbal A, Siddique M, Mohmand M, Husnain G.",2026,2026-05-27,research-article; journal article,Bioengineering (Basel),OA,,,https://europepmc.org/abstract/PMC/PMC13295563,generative AI worker productivity,NEW — to review
2026-07-19,B?,6,,EuropePMC,Deepfake perpetrator conversation for adults with sexual abuse-related posttraumatic stress disorder: intervention development and multiple baseline study protocol.,"Ter Heide JJ, Bicanic I, Holtrop B, Maassen L, van Nistelrooij I, Hoogeveen M, Overbeek M, Voorendonk E, Zebel S, Gevers T, van Minnen A.",2026,2026-05-26,other; journal article,Eur J Psychotraumatol,OA,,10.1080/20008066.2026.2668166,https://doi.org/10.1080/20008066.2026.2668166,manager training mental health at work,NEW — to review
2026-07-19,B?,6,,EuropePMC,Enhancing Care Coordination and Patient Engagement Through Electronic Medical Record Utilization in Primary Healthcare: A Mixed-Methods Study.,"Devira SM, Antonio F, Widjanarko D.",2026,2026-05-25,research-article; journal article,Healthcare (Basel),OA,,10.3390/healthcare14111458,https://doi.org/10.3390/healthcare14111458,technostress employees,NEW — to review
2026-07-19,B?,6,,EuropePMC,A machine learning-based workflow for transaminase selection.,"Rago AJ, Raghavan P, Santiago-Capeles L, Zhang R, Wang Y, Coley CW.",2026,2026-05-20,research-article; journal article,Chem Sci,OA,,10.1039/d6sc00852f,https://doi.org/10.1039/d6sc00852f,hybrid work employee outcomes,NEW — to review
2026-07-19,B?,6,,EuropePMC,How Does Digital Human Resource Management Foster a Sense of Relaxation Among Generation Z Employees?,"Zhang H, Hou X, Zhao S.",2026,2026-05-20,research-article; journal article,Behav Sci (Basel),OA,,10.3390/bs16050824,https://doi.org/10.3390/bs16050824,technostress employees,NEW — to review
2026-07-19,B?,6,,EuropePMC,Burnout in Galician Community Pharmacists.,"Andrés-Rodríguez NF, Busto-Domínguez I, Mera-Gallego R, Mera-Gallego I, Guisado Barral B, León Rodríguez L, González Blanco M, Fornos-Pérez JA.",2026,2026-05-20,research-article; journal article; observational study,Farm Comunitarios,OA,,10.33620/fc.2173-9218.(2026).21,https://doi.org/10.33620/fc.2173-9218.(2026).21,job strain cardiovascular disease,NEW — to review
2026-07-19,B?,6,,EuropePMC,Factors associated with psychological distress among newly diagnosed patients with gastric cancer: A cross-sectional study.,"Ji H, Lee JY.",2026,2026-05-16,research-article; journal article,Asia Pac J Oncol Nurs,OA,,10.1016/j.apjon.2026.100981,https://doi.org/10.1016/j.apjon.2026.100981,job strain cardiovascular disease,NEW — to review
2026-07-19,B?,6,,EuropePMC,Integrating Occupational Health and Safety Into the Artificial Intelligence System Life Cycle.,"Bierbrier J, Jetha A.",2026,2026-05-12,article-commentary; journal article,Am J Ind Med,OA,,10.1002/ajim.70090,https://doi.org/10.1002/ajim.70090,hybrid work employee outcomes,NEW — to review
2026-07-19,B?,6,,EuropePMC,Corporate Welfare and Parenting Self-Regulation as Protective Resources Against Stress and Quiet Quitting: A Moderated Mediation Model Across Mothers and Fathers.,"Rapisarda S, Girardi D, Pileri J, Falco A, Dal Corso L.",2026,2026-05-11,research-article; journal article,Behav Sci (Basel),OA,,10.3390/bs16050743,https://doi.org/10.3390/bs16050743,technostress employees,NEW — to review
2026-07-19,B?,6,,EuropePMC,What affects unplanned hospital admissions in older adults according to primary healthcare professionals? A focus group study.,"Klunder JH, Kooijmans ECM, Joling KJ, Maarsingh OR, van Hout HPJ.",2026,2026-05-07,research-article; journal article,Eur J Gen Pract,OA,,10.1080/13814788.2026.2650928,https://doi.org/10.1080/13814788.2026.2650928,manager training mental health at work,NEW — to review
2026-07-19,B?,6,,EuropePMC,Understanding how adverse childhood experiences influence the development of postpartum post-traumatic stress disorder: a qualitative study in China.,"Zou L, Wang S, Liao Y, Pakhale S, Krewski D, Wen SW, Xie RH.",2026,2026-05-06,research-article; journal article,Eur J Psychotraumatol,OA,,10.1080/20008066.2026.2662053,https://doi.org/10.1080/20008066.2026.2662053,sleep deprivation cognitive performance work,NEW — to review
2026-07-19,B?,6,,EuropePMC,The Impact of Artificial Intelligence Usage on Affective Work Well-Being: A Self-Determination Theory Perspective.,"Zhang C, Chen S, Zhang D, Zhang Q.",2026,2026-04-28,research-article; journal article,Behav Sci (Basel),OA,,10.3390/bs16050670,https://doi.org/10.3390/bs16050670,technostress employees,NEW — to review
2026-07-19,B?,6,,EuropePMC,Psychological stress during medical internship is associated with inflammatory signatures linked to mental health.,"Ewert J, Meine L, McPherson E, Fehr S, Spiller TR, Dechow B, Ferrante G, Hachenberg S, Aslan L, Lüönd A, Mateescu BR, Kleim B, Cathomas F.",2026,2026-04-18,research-article; journal article,Brain Behav Immun Health,OA,,10.1016/j.bbih.2026.101243,https://doi.org/10.1016/j.bbih.2026.101243,occupational stress cortisol HPA axis,NEW — to review
2026-07-19,B?,6,,EuropePMC,Psychological capital in patients with cancer: A qualitative study based on cognitive adaptation theory.,"Lu W, Lai Q, Xiao L, Gao C, Chen P, Zhang L.",2026,2026-04-18,research-article; journal article,Asia Pac J Oncol Nurs,OA,,10.1016/j.apjon.2026.100961,https://doi.org/10.1016/j.apjon.2026.100961,loneliness work social connection,NEW — to review
2026-07-19,B?,6,,EuropePMC,Friendship: a phenomenological exploration of the lived experience of youth and of peer support workers in Youth FACT (flexible assertive community treatment) services.,"Arvesen H, Mjøsund NH, Krane V, Sommer M.",2026,2026-04-16,research-article; journal article,Int J Qual Stud Health Well-being,OA,,10.1080/17482631.2026.2660040,https://doi.org/10.1080/17482631.2026.2660040,loneliness work social connection,NEW — to review
2026-07-19,B?,6,,EuropePMC,A Moderated Mediation Model of AI-Driven Identity Threats and Employee Cyberloafing: The Role of AI-Inclusive Identity.,"Ashraf A, Min Q, Ashraf A.",2026,2026-04-01,research-article; journal article,Eur J Investig Health Psychol Educ,OA,,10.3390/ejihpe16040052,https://doi.org/10.3390/ejihpe16040052,technostress employees,NEW — to review
2026-07-19,B?,6,,EuropePMC,'Being empathetic to my patients and ourselves': a qualitative process evaluation of READ-Y psychological first aid training for healthcare workers working in routine care.,"Wang L, Li X, Qiu C, Wang J, Zeng L, Liu T, Zhong Z, Wu Y, Xu L, Liu Y, Leamy M, Hu M.",2026,2026-03-24,research-article; journal article,Eur J Psychotraumatol,OA,,10.1080/20008066.2026.2627705,https://doi.org/10.1080/20008066.2026.2627705,manager training mental health at work,NEW — to review
2026-07-19,B?,6,,EuropePMC,Managing role conflicts: work-study-life balance among single female university teachers in China pursuing doctoral degrees.,"Jia W, Boo HS.",2026,2026-03-17,research-article; journal article,Int J Qual Stud Health Well-being,OA,,10.1080/17482631.2026.2645256,https://doi.org/10.1080/17482631.2026.2645256,loneliness work social connection,NEW — to review
2026-07-19,B?,6,,EuropePMC,Roads to recognition: experiences of migrant women healthcare workers in Norwegian nursing homes.,"Hedlund Quintanilla CT, Jerve Ramsøy I, Fadnes Jacobsen F, Van den Bergh G.",2026,2026-03-17,research-article; journal article,Scand J Prim Health Care,OA,,10.1080/02813432.2026.2636588,https://doi.org/10.1080/02813432.2026.2636588,loneliness work social connection,NEW — to review
2026-07-19,B?,6,,EuropePMC,"Differences in cardiorespiratory fitness, physical activity, and pulmonary function across occupational groups and educational levels: a cross-sectional study.","Chróścielewska N, Chomiuk T, Laprus-Abramska K, Pałasz D, Mamcarz A, Śliż D.",2026,2026-03-05,research-article; journal article,Ann Med,OA,,10.1080/07853890.2026.2638086,https://doi.org/10.1080/07853890.2026.2638086,job strain cardiovascular disease,NEW — to review
2026-07-19,B?,6,,EuropePMC,Facilitators and barriers for return to work among patients with post-COVID-19 condition: a qualitative interview study.,"Sulg A, Vuokko A, Kvarnström K, Varonen M, Malmivaara A, Arokoski J, Liira H.",2026,2025-07-01,research-article; journal article,Scand J Prim Health Care,OA,,10.1080/02813432.2025.2525434,https://doi.org/10.1080/02813432.2025.2525434,generative AI worker productivity,NEW — to review
2026-07-19,B?,6,,EuropePMC,Suffering of Common Mental Disorders but Still at Work: A Longitudinal Study During Periods of Differences in Regulations for Having Sick Leave.,"Helgesson M, Gustafsson K, Leineweber C.",2026,2025-01-31,research-article; journal article,J Occup Rehabil,OA,,10.1007/s10926-025-10269-4,https://doi.org/10.1007/s10926-025-10269-4,workplace burnout neuroscience,NEW — to review
2026-07-19,B?,5,,EuropePMC,Professional burnout among dietitians and the perceived role of artificial intelligence tools.,"Kozłowska MA, Wyka J, Dzięcioł D.",2026,2026-07-10,journal article,Sci Rep,?,,10.1038/s41598-026-60369-1,https://doi.org/10.1038/s41598-026-60369-1,human-AI collaboration workplace,NEW — to review
2026-07-19,B?,5,,EuropePMC,How enterprise social media use affects employee well-being.,"Song DE, Kim S.",2026,2026-05-21,journal article,Sci Rep,?,,10.1038/s41598-026-52766-3,https://doi.org/10.1038/s41598-026-52766-3,technostress employees,NEW — to review
2026-07-19,C?,0,,arXiv,Thoughtseeds as Latent Causes: A Dual-Process Computational Phenomenology of Focused-Attention Meditation,"Prakash Chandra Kavi, Daniel Ari Friedman, Gustavo Patow",2026,2026-07-16,preprint,arXiv,OA,yes,,http://arxiv.org/abs/2607.14833v1,workplace burnout neuroscience,NEW — to review
2026-07-19,C?,0,,arXiv,Second-order rigidity of coned polytope frameworks and the stress-flex conjecture from a vector-valued Schläfli formula,"Eleni Pachyli, Roman Prosanov, Martin Winter",2026,2026-07-16,preprint,arXiv,OA,yes,,http://arxiv.org/abs/2607.14878v1,occupational stress cortisol HPA axis,NEW — to review
2026-07-19,C?,-1,,arXiv,Scalable Training of Continuous-Time Spiking Neural Networks with Differentiable Spike-Time Discretization,"Yusuke Sakemi, Tomoya Takeuchi, Takeo Hosomi, Kazuyuki Aihara",2026,2026-07-16,preprint,arXiv,OA,yes,,http://arxiv.org/abs/2607.14672v1,workplace burnout neuroscience,NEW — to review
2026-07-19,C?,-1,,arXiv,"Divergent Gaze Patterns in Artistic Viewing: Spatial and Temporal Signatures of Attention Across Autistic Individuals, Artists, and Neurotypical Observers","Mohammed Amine Kerkouri, Daphné Senggaran, Renaud Jusiak, Océane Lehmann, Marouane Tliba, Claire Wardak",2026,2026-07-16,preprint,arXiv,OA,yes,,http://arxiv.org/abs/2607.15227v1,occupational stress cortisol HPA axis,NEW — to review
2026-07-19,C?,-1,,arXiv,Stochastic binary networks with asymmetric and time-delayed interactions,"Hantao Zhang, Sidra Gibeault, Matthew W. Daniels, Philippe Talatchian, Ursula Ebels, Advait Madhavan",2026,2026-07-16,preprint,arXiv,OA,yes,,http://arxiv.org/abs/2607.15215v1,occupational stress cortisol HPA axis,NEW — to review
2026-07-19,C?,-1,,arXiv,Harnessing Machine Learning for Hybrid Constitutive Modelling of Viscoelastic Fluid Flows in Computational Rheology,"J. L. Cummings, C. Fernandes, F. Dong, M. A. Alves, M. S. N. Oliveira",2026,2026-07-16,preprint,arXiv,OA,yes,,http://arxiv.org/abs/2607.14944v1,occupational stress cortisol HPA axis,NEW — to review
2026-07-19,C?,-1,,arXiv,A Unified Conceptual Framework for Gravitational Instabilities: From Latent System State to Failure,Jérome Faillettaz,2026,2026-07-16,preprint,arXiv,OA,yes,,http://arxiv.org/abs/2607.14831v1,occupational stress cortisol HPA axis,NEW — to review
2026-07-19,C?,-1,,arXiv,"SevenNet-Polar for MultiTask Prediction of Energy, Forces, Stress, and Born Effective Charges: Development and Application to ZrO$_2$, Li$_3$PO$_4$, and Perovskites","Anh Khoa Augustin Lu, Shungo Arai, Yutack Park, Seungwu Han, Tsuyoshi Miyazaki, Satoshi Watanabe",2026,2026-07-16,preprint,arXiv,OA,yes,,http://arxiv.org/abs/2607.14827v1,occupational stress cortisol HPA axis,NEW — to review
2026-07-19,C?,-1,,arXiv,Adaptive Sampling for Spatiotemporal Anomaly Monitoring in Wireless Sensor Networks,"Guoqing Lu, Yixuan Sun, Yiwen Jiang, Bernard Butler",2026,2026-07-16,preprint,arXiv,OA,yes,,http://arxiv.org/abs/2607.15235v1,hybrid work employee outcomes,NEW — to review
2026-07-19,C?,-1,,arXiv,DAPGNet: Dynamic Adaptive Physics-Guided Graph Diffusion Network for Hyperspectral Image Classification,"Pengkun Wang, Weijia Cao, Ning Wang, Xiaofei Yang",2026,2026-07-16,preprint,arXiv,OA,yes,,http://arxiv.org/abs/2607.15128v1,attention interruptions knowledge workers,NEW — to review
2026-07-19,C?,-1,,arXiv,Introspective Attention Modulation for Safe Text-to-Image Generation,"Basim Azam, Hossein Rahmani, Naveed Akhtar",2026,2026-07-16,preprint,arXiv,OA,yes,,http://arxiv.org/abs/2607.14945v1,psychological safety teams,NEW — to review
2026-07-19,C?,-1,,arXiv,Dynamic Entanglement Distribution for Multi-User and Multi-Protocol Quantum Networking,"Rui Wang, Marcus J. Clark, Obada Alia, Sima Bahrani, Djeylan Aktas, Matej Peranić",2026,2026-07-16,preprint,arXiv,OA,yes,,http://arxiv.org/abs/2607.15262v1,work engagement job demands resources,NEW — to review
2026-07-19,C?,-1,,arXiv,Campaign Diagrams: Visualizing the March Through the Phases of a Workload,"Toluwanimi O. Odemuyiwa, John D. Owens, Michael Pellauer, Joel S. Emer",2026,2026-07-16,preprint,arXiv,OA,yes,,http://arxiv.org/abs/2607.15225v1,work engagement job demands resources,NEW — to review
2026-07-19,C?,-1,,arXiv,ANet Patu-1: The Value of Connection in the Agent Network,"Mu Yuan, Jinke Song, Zhaomeng Zhou, Lan Zhang",2026,2026-07-16,preprint,arXiv,OA,yes,,http://arxiv.org/abs/2607.15053v1,human-AI collaboration workplace,NEW — to review
2026-07-19,C?,-1,,arXiv,A Complete-Data Likelihood for Epidemic Processes on Partially Observed Dynamic Networks,Md Asaduzzaman,2026,2026-07-16,preprint,arXiv,OA,yes,,http://arxiv.org/abs/2607.15179v1,job strain cardiovascular disease,NEW — to review
2026-07-19,C?,-1,,arXiv,Playful AI in Professional Email: A Field Experiment on Tone and Recipient Engagement,"Ziv Ben-Zion, Teddy Lazebnik",2026,2026-07-13,preprint,arXiv,OA,yes,,http://arxiv.org/abs/2607.11749v1,workplace burnout neuroscience,NEW — to review
2026-07-19,C?,-1,,arXiv,Quantum-classical neurons upgraded with optical spin qubits for advanced computing and networking architectures,Osama M. Nayfeh,2026,2026-07-13,preprint,arXiv,OA,yes,,http://arxiv.org/abs/2607.11992v1,workplace burnout neuroscience,NEW — to review
2026-07-19,C?,-1,,arXiv,Auditing Construct Overlap in Explainable Machine Learning: Evidence from Burnout-Depression Prediction Across Student Cohorts,"Alireza Dehghan, Negin Ashrafi",2026,2026-07-12,preprint,arXiv,OA,yes,,http://arxiv.org/abs/2607.10633v1,workplace burnout neuroscience,NEW — to review
2026-07-19,C?,-1,,arXiv,Emergent Generalization by Representation Learning in Artificial Neural Networks,"Hardik Rajpal, Dan Goodman",2026,2026-07-11,preprint,arXiv,OA,yes,,http://arxiv.org/abs/2607.10430v1,workplace burnout neuroscience,NEW — to review
2026-07-19,B?,7,,EuropePMC,Network analysis of posttraumatic stress disorder and posttraumatic growth among patients with an intestinal stoma.,"Jiangenuer L, Wang X, Tuerdebieke W, Aihemaitiniyazi S, Liu C, Xu Z, Zhang X.",2026,2026-06-05,research-article; journal article,Asia Pac J Oncol Nurs,OA,,10.1016/j.apjon.2026.100988,https://doi.org/10.1016/j.apjon.2026.100988,sleep deprivation cognitive performance work,NEW — to review
2026-07-19,B?,7,,EuropePMC,"Associations between organizational cynicism, workplace alienation, and nurses' work effectiveness: A cross-sectional questionnaire survey.","Abousoliman AD, Hamed HM.",2026,2026-06-03,research-article; journal article,Int J Nurs Stud Adv,OA,,10.1016/j.ijnsa.2026.100588,https://doi.org/10.1016/j.ijnsa.2026.100588,work engagement job demands resources,NEW — to review
2026-07-19,B?,7,,EuropePMC,Understanding the nature-wellbeing relationship in adults: a qualitative metasynthesis review.,"van Bekkum JE, McDougall CW, Wendelboe-Nelson C, Mason SS, Williams AJ, Jepson R, Malden S.",2026,2026-06-01,review-article; review; journal article,Wellbeing Space Soc,OA,,10.1016/j.wss.2026.100359,https://doi.org/10.1016/j.wss.2026.100359,remote work wellbeing productivity,NEW — to review
2026-07-19,B?,7,,EuropePMC,What Characterizes Employees with Emotional Exhaustion and Employees with Work Overload?,,2026,2026-06-01,research-article; journal article,Int J Environ Res Public Health,OA,,,https://europepmc.org/abstract/PMC/PMC13299694,attention interruptions knowledge workers,NEW — to review
2026-07-19,B?,7,,EuropePMC,How Employee–AI Collaboration Influences Coworkers’ Helping Behaviour: An Attribution Theory Perspective,"Wu Y, Jiao Y.",2026,2026-06-01,research-article; journal article,Behav Sci (Basel),OA,,,https://europepmc.org/abstract/PMC/PMC13295898,technostress employees,NEW — to review
2026-07-19,B?,7,,EuropePMC,Assessing the antecedents behind after-hours work in teleworkers: a scoping review.,"Balakrishnar K, Long BS, Lo J, Fiorini LA, Gohar B, Nowrouzi-Kia B.",2026,2026-06-01,scoping review; research-article; journal article,J Public Health (Oxf),OA,,10.1093/pubmed/fdag015,https://doi.org/10.1093/pubmed/fdag015,technostress employees,NEW — to review
2026-07-19,B?,7,,EuropePMC,From policies to promotion: managers' views on opportunities for alcohol prevention at work.,"Sundqvist K, Martinez M.",2026,2026-05-26,research-article; journal article,Int J Qual Stud Health Well-being,OA,,10.1080/17482631.2026.2680736,https://doi.org/10.1080/17482631.2026.2680736,psychological safety teams,NEW — to review
2026-07-19,B?,7,,EuropePMC,Symptom management in cancer care: An evolutionary concept analysis for a digitally enabled collaborative framework.,"Yu W, Qiao S, Wang X, Wu X, Yang X, Wang L.",2026,2026-05-19,review-article; review; journal article,Asia Pac J Oncol Nurs,OA,,10.1016/j.apjon.2026.100982,https://doi.org/10.1016/j.apjon.2026.100982,loneliness work social connection,NEW — to review
2026-07-19,B?,7,,EuropePMC,Survey of the musculoskeletal radiology workforce: hybrid and remote (work from home) practice models.,"Shiang T, Thai E, Smith SE, Chang CY.",2026,2026-05-18,journal article,Skeletal Radiol,?,,10.1007/s00256-026-05252-w,https://doi.org/10.1007/s00256-026-05252-w,remote work wellbeing productivity,NEW — to review
2026-07-19,B?,7,,EuropePMC,The demands-control-support work stress model and risk of ischemic heart disease: causal inference based on observational epidemiology.,"Bonde JP, Skaaby S, Flachs EM, Dollard M, Keyes K, Rosengren A, Mehlum IS, Mikkelsen S.",2026,2026-04-17,systematic review; review; journal article,Scand J Work Environ Health,?,,10.5271/sjweh.4299,https://doi.org/10.5271/sjweh.4299,job strain cardiovascular disease,NEW — to review
2026-07-19,B?,7,,EuropePMC,"Associations of work- and personal-life-related techno-stressors with emotional exhaustion, sickness absenteeism, and turnover intentions in public administration.","Buzeti J, Dečman M, Kristl N.",2026,2026-04-06,review; journal article,Acta Psychol (Amst),?,,10.1016/j.actpsy.2026.106772,https://doi.org/10.1016/j.actpsy.2026.106772,technostress employees,NEW — to review
2026-07-19,B?,7,,EuropePMC,"Post-traumatic stress disorder: pathogenesis, epidemiological characteristics, animal models, and potential therapeutic strategies.","Nguyen F, Shetty AK.",2026,2026-03-25,review-article; review; journal article,Mil Med Res,OA,,10.1016/j.mmr.2026.100005,https://doi.org/10.1016/j.mmr.2026.100005,occupational stress cortisol HPA axis,NEW — to review
2026-07-19,B?,7,,EuropePMC,Association Between Dental Visits and Presenteeism Among Workers Receiving Workplace Oral Health Assessments: A Longitudinal Study in Japan-The Hitachi Oral Healthcare Survey.,"Yamamoto Y, Fujino Y, Kimura M, Kurita K, Chikazawa T, Sato Y, Nakagawa T, Sawada K, Murakami S.",2026,2026-03-24,research-article; journal article,J Occup Environ Med,OA,,10.1097/jom.0000000000003717,https://doi.org/10.1097/jom.0000000000003717,human-AI collaboration workplace,NEW — to review
2026-07-19,B?,7,,EuropePMC,Workplace violence against mental health professionals in Italy: a nationwide survey on prevalence and risk perception.,"Granata N, Gesi C, Fagiolini A, Migliarese G, Rocchetti M, Cerveri G.",2026,2026-03-13,research-article; journal article,Eur Arch Psychiatry Clin Neurosci,OA,,10.1007/s00406-026-02197-y,https://doi.org/10.1007/s00406-026-02197-y,workplace burnout neuroscience,NEW — to review
2026-07-19,B?,7,,EuropePMC,Making sense of activity-based workplaces: perspectives from staff in a municipal setting.,"Wall E, Löfstrand P, Vinberg S, Selander J.",2026,2026-02-13,research-article; journal article,Int J Qual Stud Health Well-being,OA,,10.1080/17482631.2026.2631081,https://doi.org/10.1080/17482631.2026.2631081,remote work wellbeing productivity,NEW — to review
2026-07-19,B?,7,,EuropePMC,Psychometric Properties and Measurement Equivalence of the Workplace Incivility Scale Across Cultures: Insights from Daily Diary Study.,"Iqbal M, Iqbal M, Bibi M, Yan Y, Yuan S, Mubarik S.",2026,2024-10-16,research-article; journal article,Psychol Rep,OA,,10.1177/00332941241293669,https://doi.org/10.1177/00332941241293669,attention interruptions knowledge workers,NEW — to review
2026-07-19,B?,6,,EuropePMC,OUTPACE Tobacco study protocol: a tobacco-free workplace program for dissemination and implementation in opioid use treatment programs in Texas.,"Moosa AB, Britton M, Siddiqi AD, Martinez Leal I, Chen TA, Minnix JA, Karam-Hage MA, Cinciripini PM, Sekhar MS, Reitzel LR.",2026,2026-07-17,im; journal article,Addict Sci Clin Pract,?,,10.1186/s13722-026-00696-w,https://doi.org/10.1186/s13722-026-00696-w,hybrid work employee outcomes,NEW — to review
2026-07-19,B?,6,,EuropePMC,The impact of a national transition of treatment platform on the acceptance of internet-delivered cognitive behavioral therapy: A longitudinal study among Norwegian therapists.,"Nævdal R, Vis C, Teig IL, de Beurs D, Kenter RMF.",2026,2026-06-13,research-article; journal article,Internet Interv,OA,,10.1016/j.invent.2026.100965,https://doi.org/10.1016/j.invent.2026.100965,generative AI worker productivity,NEW — to review
2026-07-19,B?,6,,EuropePMC,"'Today, I'll manage, but not all days!' Adult refugees' meaning-making of learning and coping with trauma and other emotional distress while in language training programmes.","Tomren JF, Opaas M.",2026,2026-06-10,research-article; journal article,Eur J Psychotraumatol,OA,,10.1080/20008066.2026.2677304,https://doi.org/10.1080/20008066.2026.2677304,work engagement job demands resources,NEW — to review
2026-07-19,B?,6,,EuropePMC,Factors associated with clinical leadership among cardiovascular nurses in China: a multicentre cross-sectional study.,"Wang L, Yu H, Wu L, Wu X, Chen Y.",2026,2026-06-09,research-article; multicenter study; journal article,Ann Med,OA,,10.1080/07853890.2026.2678681,https://doi.org/10.1080/07853890.2026.2678681,psychological safety teams,NEW — to review
2026-07-19,B?,6,,EuropePMC,Multimodal biomarker characterization of amnestic objective subtle cognitive decline in aging and preclinical Alzheimer's disease.,"López-Martos D, Cacciaglia R, Suárez-Calvet M, Salvadó G, Shekari M, González-Escalante A, Milà-Alomà M, Brugulat-Serrat A, Minguillon C, Tonietto M, Borroni E, Klein G, Quijano-Rubio C, Kollmorgen G, Zetterberg H, Blennow K, Gispert JD, Grau-Rivera O, Sánchez-Benavides G, ALFA study.",2026,2026-06-08,research-article; journal article; observational study,J Prev Alzheimers Dis,OA,,10.1016/j.tjpad.2026.100612,https://doi.org/10.1016/j.tjpad.2026.100612,hybrid work employee outcomes,NEW — to review
2026-07-19,B?,6,,EuropePMC,Exposure to war-related trauma and symptoms of complex posttraumatic stress disorder among children and adolescents in Gaza.,"El-Khodary B, Iriqat R, Abo-Shamla A, Ali M, Al-Delaimy W.",2026,2026-06-02,research-article; journal article,Eur J Psychotraumatol,OA,,10.1080/20008066.2026.2665509,https://doi.org/10.1080/20008066.2026.2665509,psychological safety teams,NEW — to review
2026-07-19,B?,6,,EuropePMC,The Relation Between Parenting Stress and Children’s Social Anxiety in Chinese Family: The Roles of Maladaptive Parenting and FKBP5 Gene Variation,"Zhang B, Wang D, Di H, Li Y, Gou S, Sun Y, Gong X, Bi T.",2026,2026-06-01,research-article; journal article,Behav Sci (Basel),OA,,,https://europepmc.org/abstract/PMC/PMC13295368,occupational stress cortisol HPA axis,NEW — to review
2026-07-19,B?,6,,EuropePMC,"'I Put a Lot of Emotion in My Work, I Use It, It's My Tool': An Ethnographic Account of Algorithmic Homecare Assistance in the Netherlands.","Bergamin E, Wallenburg I.",2026,2026-06-01,"research support, non-u.s. gov't; research-article; journal article",Sociol Health Illn,OA,,10.1111/1467-9566.70211,https://doi.org/10.1111/1467-9566.70211,remote work wellbeing productivity,NEW — to review
2026-07-19,B?,6,,EuropePMC,Why Hide AI Use? Psychological Configurations and Explainable Machine Learning Evidence from Marketing Work,"Mizrak F, Karakaya T.",2026,2026-06-01,research-article; journal article,Behav Sci (Basel),OA,,,https://europepmc.org/abstract/PMC/PMC13295997,technostress employees,NEW — to review
2026-07-19,B?,6,,EuropePMC,Traumatic brain injury and post-traumatic stress disorder on brain imaging markers and cognition in a war veterans population.,"Sibilia F, Fotouhi M, Lei X, Cabeen RP, Cen S, Choupan J, Hazany S, Sheikh-Bahaei N, Alzheimer's Disease Neuroimaging Initiative.",2026,2026-05-30,research-article; journal article,J Alzheimers Dis,OA,,10.1177/13872877261450973,https://doi.org/10.1177/13872877261450973,hybrid work employee outcomes,NEW — to review
2026-07-19,B?,6,,EuropePMC,"PROTOCOL: Artificial Intelligence and Other Digital Tools Used by, and for Community Health Workers (CHWs) in Low and Middle-Income Countries (LMICs) to Improve Outcomes and Increase Effectiveness: An Evidence and Gap Map.","Philbrick WC, Milnor J, Mekuria FT, Mbachu P, Mechael P, Ssennoga B, Aranda Z.",2026,2026-05-29,research-article; journal article,Campbell Syst Rev,OA,,10.1177/18911803261439093,https://doi.org/10.1177/18911803261439093,generative AI worker productivity,NEW — to review
2026-07-19,B?,6,,EuropePMC,Calibrated Deep-Learning Risk Indexing and Latent Behavioural Profiling for Occupational Mental-Health Risk Assessment,"Khan A, Rehman K, Junaid A, Iqbal A, Siddique M, Mohmand M, Husnain G.",2026,2026-05-27,research-article; journal article,Bioengineering (Basel),OA,,,https://europepmc.org/abstract/PMC/PMC13295563,generative AI worker productivity,NEW — to review
2026-07-19,B?,6,,EuropePMC,Deepfake perpetrator conversation for adults with sexual abuse-related posttraumatic stress disorder: intervention development and multiple baseline study protocol.,"Ter Heide JJ, Bicanic I, Holtrop B, Maassen L, van Nistelrooij I, Hoogeveen M, Overbeek M, Voorendonk E, Zebel S, Gevers T, van Minnen A.",2026,2026-05-26,other; journal article,Eur J Psychotraumatol,OA,,10.1080/20008066.2026.2668166,https://doi.org/10.1080/20008066.2026.2668166,manager training mental health at work,NEW — to review
2026-07-19,B?,6,,EuropePMC,Enhancing Care Coordination and Patient Engagement Through Electronic Medical Record Utilization in Primary Healthcare: A Mixed-Methods Study.,"Devira SM, Antonio F, Widjanarko D.",2026,2026-05-25,research-article; journal article,Healthcare (Basel),OA,,10.3390/healthcare14111458,https://doi.org/10.3390/healthcare14111458,technostress employees,NEW — to review
2026-07-19,B?,6,,EuropePMC,A machine learning-based workflow for transaminase selection.,"Rago AJ, Raghavan P, Santiago-Capeles L, Zhang R, Wang Y, Coley CW.",2026,2026-05-20,research-article; journal article,Chem Sci,OA,,10.1039/d6sc00852f,https://doi.org/10.1039/d6sc00852f,hybrid work employee outcomes,NEW — to review
2026-07-19,B?,6,,EuropePMC,How Does Digital Human Resource Management Foster a Sense of Relaxation Among Generation Z Employees?,"Zhang H, Hou X, Zhao S.",2026,2026-05-20,research-article; journal article,Behav Sci (Basel),OA,,10.3390/bs16050824,https://doi.org/10.3390/bs16050824,technostress employees,NEW — to review
2026-07-19,B?,6,,EuropePMC,Burnout in Galician Community Pharmacists.,"Andrés-Rodríguez NF, Busto-Domínguez I, Mera-Gallego R, Mera-Gallego I, Guisado Barral B, León Rodríguez L, González Blanco M, Fornos-Pérez JA.",2026,2026-05-20,research-article; journal article; observational study,Farm Comunitarios,OA,,10.33620/fc.2173-9218.(2026).21,https://doi.org/10.33620/fc.2173-9218.(2026).21,job strain cardiovascular disease,NEW — to review
2026-07-19,B?,6,,EuropePMC,Factors associated with psychological distress among newly diagnosed patients with gastric cancer: A cross-sectional study.,"Ji H, Lee JY.",2026,2026-05-16,research-article; journal article,Asia Pac J Oncol Nurs,OA,,10.1016/j.apjon.2026.100981,https://doi.org/10.1016/j.apjon.2026.100981,job strain cardiovascular disease,NEW — to review
2026-07-19,B?,6,,EuropePMC,Integrating Occupational Health and Safety Into the Artificial Intelligence System Life Cycle.,"Bierbrier J, Jetha A.",2026,2026-05-12,article-commentary; journal article,Am J Ind Med,OA,,10.1002/ajim.70090,https://doi.org/10.1002/ajim.70090,hybrid work employee outcomes,NEW — to review
2026-07-19,B?,6,,EuropePMC,Corporate Welfare and Parenting Self-Regulation as Protective Resources Against Stress and Quiet Quitting: A Moderated Mediation Model Across Mothers and Fathers.,"Rapisarda S, Girardi D, Pileri J, Falco A, Dal Corso L.",2026,2026-05-11,research-article; journal article,Behav Sci (Basel),OA,,10.3390/bs16050743,https://doi.org/10.3390/bs16050743,technostress employees,NEW — to review
2026-07-19,B?,6,,EuropePMC,What affects unplanned hospital admissions in older adults according to primary healthcare professionals? A focus group study.,"Klunder JH, Kooijmans ECM, Joling KJ, Maarsingh OR, van Hout HPJ.",2026,2026-05-07,research-article; journal article,Eur J Gen Pract,OA,,10.1080/13814788.2026.2650928,https://doi.org/10.1080/13814788.2026.2650928,manager training mental health at work,NEW — to review
2026-07-19,B?,6,,EuropePMC,Understanding how adverse childhood experiences influence the development of postpartum post-traumatic stress disorder: a qualitative study in China.,"Zou L, Wang S, Liao Y, Pakhale S, Krewski D, Wen SW, Xie RH.",2026,2026-05-06,research-article; journal article,Eur J Psychotraumatol,OA,,10.1080/20008066.2026.2662053,https://doi.org/10.1080/20008066.2026.2662053,sleep deprivation cognitive performance work,NEW — to review
2026-07-19,B?,6,,EuropePMC,The Impact of Artificial Intelligence Usage on Affective Work Well-Being: A Self-Determination Theory Perspective.,"Zhang C, Chen S, Zhang D, Zhang Q.",2026,2026-04-28,research-article; journal article,Behav Sci (Basel),OA,,10.3390/bs16050670,https://doi.org/10.3390/bs16050670,technostress employees,NEW — to review
2026-07-19,B?,6,,EuropePMC,Psychological stress during medical internship is associated with inflammatory signatures linked to mental health.,"Ewert J, Meine L, McPherson E, Fehr S, Spiller TR, Dechow B, Ferrante G, Hachenberg S, Aslan L, Lüönd A, Mateescu BR, Kleim B, Cathomas F.",2026,2026-04-18,research-article; journal article,Brain Behav Immun Health,OA,,10.1016/j.bbih.2026.101243,https://doi.org/10.1016/j.bbih.2026.101243,occupational stress cortisol HPA axis,NEW — to review
2026-07-19,B?,6,,EuropePMC,Psychological capital in patients with cancer: A qualitative study based on cognitive adaptation theory.,"Lu W, Lai Q, Xiao L, Gao C, Chen P, Zhang L.",2026,2026-04-18,research-article; journal article,Asia Pac J Oncol Nurs,OA,,10.1016/j.apjon.2026.100961,https://doi.org/10.1016/j.apjon.2026.100961,loneliness work social connection,NEW — to review
2026-07-19,B?,6,,EuropePMC,Friendship: a phenomenological exploration of the lived experience of youth and of peer support workers in Youth FACT (flexible assertive community treatment) services.,"Arvesen H, Mjøsund NH, Krane V, Sommer M.",2026,2026-04-16,research-article; journal article,Int J Qual Stud Health Well-being,OA,,10.1080/17482631.2026.2660040,https://doi.org/10.1080/17482631.2026.2660040,loneliness work social connection,NEW — to review
2026-07-19,B?,6,,EuropePMC,A Moderated Mediation Model of AI-Driven Identity Threats and Employee Cyberloafing: The Role of AI-Inclusive Identity.,"Ashraf A, Min Q, Ashraf A.",2026,2026-04-01,research-article; journal article,Eur J Investig Health Psychol Educ,OA,,10.3390/ejihpe16040052,https://doi.org/10.3390/ejihpe16040052,technostress employees,NEW — to review
2026-07-19,B?,6,,EuropePMC,'Being empathetic to my patients and ourselves': a qualitative process evaluation of READ-Y psychological first aid training for healthcare workers working in routine care.,"Wang L, Li X, Qiu C, Wang J, Zeng L, Liu T, Zhong Z, Wu Y, Xu L, Liu Y, Leamy M, Hu M.",2026,2026-03-24,research-article; journal article,Eur J Psychotraumatol,OA,,10.1080/20008066.2026.2627705,https://doi.org/10.1080/20008066.2026.2627705,manager training mental health at work,NEW — to review
2026-07-19,B?,6,,EuropePMC,Managing role conflicts: work-study-life balance among single female university teachers in China pursuing doctoral degrees.,"Jia W, Boo HS.",2026,2026-03-17,research-article; journal article,Int J Qual Stud Health Well-being,OA,,10.1080/17482631.2026.2645256,https://doi.org/10.1080/17482631.2026.2645256,loneliness work social connection,NEW — to review
2026-07-19,B?,6,,EuropePMC,Roads to recognition: experiences of migrant women healthcare workers in Norwegian nursing homes.,"Hedlund Quintanilla CT, Jerve Ramsøy I, Fadnes Jacobsen F, Van den Bergh G.",2026,2026-03-17,research-article; journal article,Scand J Prim Health Care,OA,,10.1080/02813432.2026.2636588,https://doi.org/10.1080/02813432.2026.2636588,loneliness work social connection,NEW — to review
2026-07-19,B?,6,,EuropePMC,"Differences in cardiorespiratory fitness, physical activity, and pulmonary function across occupational groups and educational levels: a cross-sectional study.","Chróścielewska N, Chomiuk T, Laprus-Abramska K, Pałasz D, Mamcarz A, Śliż D.",2026,2026-03-05,research-article; journal article,Ann Med,OA,,10.1080/07853890.2026.2638086,https://doi.org/10.1080/07853890.2026.2638086,job strain cardiovascular disease,NEW — to review
2026-07-19,B?,6,,EuropePMC,Facilitators and barriers for return to work among patients with post-COVID-19 condition: a qualitative interview study.,"Sulg A, Vuokko A, Kvarnström K, Varonen M, Malmivaara A, Arokoski J, Liira H.",2026,2025-07-01,research-article; journal article,Scand J Prim Health Care,OA,,10.1080/02813432.2025.2525434,https://doi.org/10.1080/02813432.2025.2525434,generative AI worker productivity,NEW — to review
2026-07-19,B?,6,,EuropePMC,Suffering of Common Mental Disorders but Still at Work: A Longitudinal Study During Periods of Differences in Regulations for Having Sick Leave.,"Helgesson M, Gustafsson K, Leineweber C.",2026,2025-01-31,research-article; journal article,J Occup Rehabil,OA,,10.1007/s10926-025-10269-4,https://doi.org/10.1007/s10926-025-10269-4,workplace burnout neuroscience,NEW — to review
2026-07-19,B?,5,,EuropePMC,Professional burnout among dietitians and the perceived role of artificial intelligence tools.,"Kozłowska MA, Wyka J, Dzięcioł D.",2026,2026-07-10,journal article,Sci Rep,?,,10.1038/s41598-026-60369-1,https://doi.org/10.1038/s41598-026-60369-1,human-AI collaboration workplace,NEW — to review
2026-07-19,B?,5,,EuropePMC,How enterprise social media use affects employee well-being.,"Song DE, Kim S.",2026,2026-05-21,journal article,Sci Rep,?,,10.1038/s41598-026-52766-3,https://doi.org/10.1038/s41598-026-52766-3,technostress employees,NEW — to review
2026-07-19,C?,0,,arXiv,Thoughtseeds as Latent Causes: A Dual-Process Computational Phenomenology of Focused-Attention Meditation,"Prakash Chandra Kavi, Daniel Ari Friedman, Gustavo Patow",2026,2026-07-16,preprint,arXiv,OA,yes,,http://arxiv.org/abs/2607.14833v1,workplace burnout neuroscience,NEW — to review
2026-07-19,C?,0,,arXiv,Second-order rigidity of coned polytope frameworks and the stress-flex conjecture from a vector-valued Schläfli formula,"Eleni Pachyli, Roman Prosanov, Martin Winter",2026,2026-07-16,preprint,arXiv,OA,yes,,http://arxiv.org/abs/2607.14878v1,occupational stress cortisol HPA axis,NEW — to review
2026-07-19,C?,-1,,arXiv,Scalable Training of Continuous-Time Spiking Neural Networks with Differentiable Spike-Time Discretization,"Yusuke Sakemi, Tomoya Takeuchi, Takeo Hosomi, Kazuyuki Aihara",2026,2026-07-16,preprint,arXiv,OA,yes,,http://arxiv.org/abs/2607.14672v1,workplace burnout neuroscience,NEW — to review
2026-07-19,C?,-1,,arXiv,"Divergent Gaze Patterns in Artistic Viewing: Spatial and Temporal Signatures of Attention Across Autistic Individuals, Artists, and Neurotypical Observers","Mohammed Amine Kerkouri, Daphné Senggaran, Renaud Jusiak, Océane Lehmann, Marouane Tliba, Claire Wardak",2026,2026-07-16,preprint,arXiv,OA,yes,,http://arxiv.org/abs/2607.15227v1,occupational stress cortisol HPA axis,NEW — to review
2026-07-19,C?,-1,,arXiv,Stochastic binary networks with asymmetric and time-delayed interactions,"Hantao Zhang, Sidra Gibeault, Matthew W. Daniels, Philippe Talatchian, Ursula Ebels, Advait Madhavan",2026,2026-07-16,preprint,arXiv,OA,yes,,http://arxiv.org/abs/2607.15215v1,occupational stress cortisol HPA axis,NEW — to review
2026-07-19,C?,-1,,arXiv,Harnessing Machine Learning for Hybrid Constitutive Modelling of Viscoelastic Fluid Flows in Computational Rheology,"J. L. Cummings, C. Fernandes, F. Dong, M. A. Alves, M. S. N. Oliveira",2026,2026-07-16,preprint,arXiv,OA,yes,,http://arxiv.org/abs/2607.14944v1,occupational stress cortisol HPA axis,NEW — to review
2026-07-19,C?,-1,,arXiv,A Unified Conceptual Framework for Gravitational Instabilities: From Latent System State to Failure,Jérome Faillettaz,2026,2026-07-16,preprint,arXiv,OA,yes,,http://arxiv.org/abs/2607.14831v1,occupational stress cortisol HPA axis,NEW — to review
2026-07-19,C?,-1,,arXiv,"SevenNet-Polar for MultiTask Prediction of Energy, Forces, Stress, and Born Effective Charges: Development and Application to ZrO$_2$, Li$_3$PO$_4$, and Perovskites","Anh Khoa Augustin Lu, Shungo Arai, Yutack Park, Seungwu Han, Tsuyoshi Miyazaki, Satoshi Watanabe",2026,2026-07-16,preprint,arXiv,OA,yes,,http://arxiv.org/abs/2607.14827v1,occupational stress cortisol HPA axis,NEW — to review
2026-07-19,C?,-1,,arXiv,Adaptive Sampling for Spatiotemporal Anomaly Monitoring in Wireless Sensor Networks,"Guoqing Lu, Yixuan Sun, Yiwen Jiang, Bernard Butler",2026,2026-07-16,preprint,arXiv,OA,yes,,http://arxiv.org/abs/2607.15235v1,hybrid work employee outcomes,NEW — to review
2026-07-19,C?,-1,,arXiv,DAPGNet: Dynamic Adaptive Physics-Guided Graph Diffusion Network for Hyperspectral Image Classification,"Pengkun Wang, Weijia Cao, Ning Wang, Xiaofei Yang",2026,2026-07-16,preprint,arXiv,OA,yes,,http://arxiv.org/abs/2607.15128v1,attention interruptions knowledge workers,NEW — to review
2026-07-19,C?,-1,,arXiv,Introspective Attention Modulation for Safe Text-to-Image Generation,"Basim Azam, Hossein Rahmani, Naveed Akhtar",2026,2026-07-16,preprint,arXiv,OA,yes,,http://arxiv.org/abs/2607.14945v1,psychological safety teams,NEW — to review
2026-07-19,C?,-1,,arXiv,Dynamic Entanglement Distribution for Multi-User and Multi-Protocol Quantum Networking,"Rui Wang, Marcus J. Clark, Obada Alia, Sima Bahrani, Djeylan Aktas, Matej Peranić",2026,2026-07-16,preprint,arXiv,OA,yes,,http://arxiv.org/abs/2607.15262v1,work engagement job demands resources,NEW — to review
2026-07-19,C?,-1,,arXiv,Campaign Diagrams: Visualizing the March Through the Phases of a Workload,"Toluwanimi O. Odemuyiwa, John D. Owens, Michael Pellauer, Joel S. Emer",2026,2026-07-16,preprint,arXiv,OA,yes,,http://arxiv.org/abs/2607.15225v1,work engagement job demands resources,NEW — to review
2026-07-19,C?,-1,,arXiv,ANet Patu-1: The Value of Connection in the Agent Network,"Mu Yuan, Jinke Song, Zhaomeng Zhou, Lan Zhang",2026,2026-07-16,preprint,arXiv,OA,yes,,http://arxiv.org/abs/2607.15053v1,human-AI collaboration workplace,NEW — to review
2026-07-19,C?,-1,,arXiv,A Complete-Data Likelihood for Epidemic Processes on Partially Observed Dynamic Networks,Md Asaduzzaman,2026,2026-07-16,preprint,arXiv,OA,yes,,http://arxiv.org/abs/2607.15179v1,job strain cardiovascular disease,NEW — to review
2026-07-19,C?,-1,,arXiv,Playful AI in Professional Email: A Field Experiment on Tone and Recipient Engagement,"Ziv Ben-Zion, Teddy Lazebnik",2026,2026-07-13,preprint,arXiv,OA,yes,,http://arxiv.org/abs/2607.11749v1,workplace burnout neuroscience,NEW — to review
2026-07-19,C?,-1,,arXiv,Quantum-classical neurons upgraded with optical spin qubits for advanced computing and networking architectures,Osama M. Nayfeh,2026,2026-07-13,preprint,arXiv,OA,yes,,http://arxiv.org/abs/2607.11992v1,workplace burnout neuroscience,NEW — to review
2026-07-19,C?,-1,,arXiv,Auditing Construct Overlap in Explainable Machine Learning: Evidence from Burnout-Depression Prediction Across Student Cohorts,"Alireza Dehghan, Negin Ashrafi",2026,2026-07-12,preprint,arXiv,OA,yes,,http://arxiv.org/abs/2607.10633v1,workplace burnout neuroscience,NEW — to review
2026-07-19,C?,-1,,arXiv,Emergent Generalization by Representation Learning in Artificial Neural Networks,"Hardik Rajpal, Dan Goodman",2026,2026-07-11,preprint,arXiv,OA,yes,,http://arxiv.org/abs/2607.10430v1,workplace burnout neuroscience,NEW — to review
2026-07-20,B?,8,,Crossref,Stress-mediated microstructural evolution for enhancing thermal stability and mechanical properties of Ni-based alloy,"Jianbo Zhang, Zhang Liu, Jieshu Zhou, Kaili Yao, Hongyan Liang, Chong Li",2027,2027-3,journal-article,Journal of Materials Science &amp; Technology,?,,10.1016/j.jmst.2026.07.012,https://doi.org/10.1016/j.jmst.2026.07.012,occupational stress cortisol HPA axis,NEW — to review
2026-07-20,B?,8,,OpenAlex,"Impact of Remote Working on Employees' Performance in IT Companies, Madurai","R Ponmalar, M. Thiagarajan",2026,2026-07-19,article,Zenodo (CERN European Organization for Nuclear Research),OA,,10.5281/zenodo.21436377,https://doi.org/10.5281/zenodo.21436377,hybrid work employee outcomes,NEW — to review
2026-07-20,B?,8,,OpenAlex,AI governance and employee well-being in digital workplaces: A systematic literature review,"Yulianto, Udin Saryono",2026,2026-07-19,review,Digital Theory Culture & Society,OA,,10.61126/dtcs.v4i1.152,https://doi.org/10.61126/dtcs.v4i1.152,technostress employees,NEW — to review
2026-07-20,B?,7,,EuropePMC,Network analysis of posttraumatic stress disorder and posttraumatic growth among patients with an intestinal stoma.,"Jiangenuer L, Wang X, Tuerdebieke W, Aihemaitiniyazi S, Liu C, Xu Z, Zhang X.",2026,2026-06-05,research-article; journal article,Asia Pac J Oncol Nurs,OA,,10.1016/j.apjon.2026.100988,https://doi.org/10.1016/j.apjon.2026.100988,sleep deprivation cognitive performance work,NEW — to review
2026-07-20,B?,7,,EuropePMC,"Associations between organizational cynicism, workplace alienation, and nurses' work effectiveness: A cross-sectional questionnaire survey.","Abousoliman AD, Hamed HM.",2026,2026-06-03,research-article; journal article,Int J Nurs Stud Adv,OA,,10.1016/j.ijnsa.2026.100588,https://doi.org/10.1016/j.ijnsa.2026.100588,work engagement job demands resources,NEW — to review
2026-07-20,B?,7,,EuropePMC,Understanding the nature-wellbeing relationship in adults: a qualitative metasynthesis review.,"van Bekkum JE, McDougall CW, Wendelboe-Nelson C, Mason SS, Williams AJ, Jepson R, Malden S.",2026,2026-06-01,review-article; review; journal article,Wellbeing Space Soc,OA,,10.1016/j.wss.2026.100359,https://doi.org/10.1016/j.wss.2026.100359,remote work wellbeing productivity,NEW — to review
2026-07-20,B?,7,,EuropePMC,What Characterizes Employees with Emotional Exhaustion and Employees with Work Overload?,,2026,2026-06-01,research-article; journal article,Int J Environ Res Public Health,OA,,,https://europepmc.org/abstract/PMC/PMC13299694,attention interruptions knowledge workers,NEW — to review
2026-07-20,B?,7,,EuropePMC,How Employee–AI Collaboration Influences Coworkers’ Helping Behaviour: An Attribution Theory Perspective,"Wu Y, Jiao Y.",2026,2026-06-01,research-article; journal article,Behav Sci (Basel),OA,,,https://europepmc.org/abstract/PMC/PMC13295898,technostress employees,NEW — to review
2026-07-20,B?,7,,EuropePMC,Assessing the antecedents behind after-hours work in teleworkers: a scoping review.,"Balakrishnar K, Long BS, Lo J, Fiorini LA, Gohar B, Nowrouzi-Kia B.",2026,2026-06-01,scoping review; research-article; journal article,J Public Health (Oxf),OA,,10.1093/pubmed/fdag015,https://doi.org/10.1093/pubmed/fdag015,technostress employees,NEW — to review
2026-07-20,B?,7,,EuropePMC,From policies to promotion: managers' views on opportunities for alcohol prevention at work.,"Sundqvist K, Martinez M.",2026,2026-05-26,research-article; journal article,Int J Qual Stud Health Well-being,OA,,10.1080/17482631.2026.2680736,https://doi.org/10.1080/17482631.2026.2680736,psychological safety teams,NEW — to review
2026-07-20,B?,7,,EuropePMC,Symptom management in cancer care: An evolutionary concept analysis for a digitally enabled collaborative framework.,"Yu W, Qiao S, Wang X, Wu X, Yang X, Wang L.",2026,2026-05-19,review-article; review; journal article,Asia Pac J Oncol Nurs,OA,,10.1016/j.apjon.2026.100982,https://doi.org/10.1016/j.apjon.2026.100982,loneliness work social connection,NEW — to review
2026-07-20,B?,7,,EuropePMC,Survey of the musculoskeletal radiology workforce: hybrid and remote (work from home) practice models.,"Shiang T, Thai E, Smith SE, Chang CY.",2026,2026-05-18,journal article,Skeletal Radiol,?,,10.1007/s00256-026-05252-w,https://doi.org/10.1007/s00256-026-05252-w,remote work wellbeing productivity,NEW — to review
2026-07-20,B?,7,,EuropePMC,The demands-control-support work stress model and risk of ischemic heart disease: causal inference based on observational epidemiology.,"Bonde JP, Skaaby S, Flachs EM, Dollard M, Keyes K, Rosengren A, Mehlum IS, Mikkelsen S.",2026,2026-04-17,systematic review; review; journal article,Scand J Work Environ Health,?,,10.5271/sjweh.4299,https://doi.org/10.5271/sjweh.4299,job strain cardiovascular disease,NEW — to review
2026-07-20,B?,7,,EuropePMC,"Associations of work- and personal-life-related techno-stressors with emotional exhaustion, sickness absenteeism, and turnover intentions in public administration.","Buzeti J, Dečman M, Kristl N.",2026,2026-04-06,review; journal article,Acta Psychol (Amst),?,,10.1016/j.actpsy.2026.106772,https://doi.org/10.1016/j.actpsy.2026.106772,technostress employees,NEW — to review
2026-07-20,B?,7,,EuropePMC,"Post-traumatic stress disorder: pathogenesis, epidemiological characteristics, animal models, and potential therapeutic strategies.","Nguyen F, Shetty AK.",2026,2026-03-25,review-article; review; journal article,Mil Med Res,OA,,10.1016/j.mmr.2026.100005,https://doi.org/10.1016/j.mmr.2026.100005,occupational stress cortisol HPA axis,NEW — to review
2026-07-20,B?,7,,EuropePMC,Association Between Dental Visits and Presenteeism Among Workers Receiving Workplace Oral Health Assessments: A Longitudinal Study in Japan-The Hitachi Oral Healthcare Survey.,"Yamamoto Y, Fujino Y, Kimura M, Kurita K, Chikazawa T, Sato Y, Nakagawa T, Sawada K, Murakami S.",2026,2026-03-24,research-article; journal article,J Occup Environ Med,OA,,10.1097/jom.0000000000003717,https://doi.org/10.1097/jom.0000000000003717,human-AI collaboration workplace,NEW — to review
2026-07-20,B?,7,,EuropePMC,Workplace violence against mental health professionals in Italy: a nationwide survey on prevalence and risk perception.,"Granata N, Gesi C, Fagiolini A, Migliarese G, Rocchetti M, Cerveri G.",2026,2026-03-13,research-article; journal article,Eur Arch Psychiatry Clin Neurosci,OA,,10.1007/s00406-026-02197-y,https://doi.org/10.1007/s00406-026-02197-y,workplace burnout neuroscience,NEW — to review
2026-07-20,B?,7,,EuropePMC,Making sense of activity-based workplaces: perspectives from staff in a municipal setting.,"Wall E, Löfstrand P, Vinberg S, Selander J.",2026,2026-02-13,research-article; journal article,Int J Qual Stud Health Well-being,OA,,10.1080/17482631.2026.2631081,https://doi.org/10.1080/17482631.2026.2631081,remote work wellbeing productivity,NEW — to review
2026-07-20,B?,7,,EuropePMC,Psychometric Properties and Measurement Equivalence of the Workplace Incivility Scale Across Cultures: Insights from Daily Diary Study.,"Iqbal M, Iqbal M, Bibi M, Yan Y, Yuan S, Mubarik S.",2026,2024-10-16,research-article; journal article,Psychol Rep,OA,,10.1177/00332941241293669,https://doi.org/10.1177/00332941241293669,attention interruptions knowledge workers,NEW — to review
2026-07-20,B?,6,,OpenAlex,Employees' Mindset and Staying Satisfied After Performance Evaluation,Matthew Zingoni,2026,2026-07-19,article,Archives of Business Research,OA,,10.14738/abr.1407.12029,https://doi.org/10.14738/abr.1407.12029,workplace burnout neuroscience,NEW — to review
2026-07-20,B?,6,,OpenAlex,Work Activities and Social Relationships Influencing Well-Being among Government Essential Service Providers,Nielg V. Cabelleza,2026,2026-07-19,article,Cognizance Journal of Multidisciplinary Studies,OA,,10.47760/cognizance.2026.v06i07.016,https://doi.org/10.47760/cognizance.2026.v06i07.016,remote work wellbeing productivity,NEW — to review
2026-07-20,B?,6,,OpenAlex,Transformational Leadership and Ethical AI Adoption in AI-Driven Organizations: The Mediating Role of Digital Adaptation and the Moderating Role of Organizational Culture,"H F Liu, Aisha Abdullah Saeed",2026,2026-07-18,article,International Journal of Organizational Leadership,OA,,10.33844/ijol.2026.50,https://doi.org/10.33844/ijol.2026.50,remote work wellbeing productivity,NEW — to review
2026-07-20,B?,6,,OpenAlex,The relationship between psychosocial risk and neurocognitive functioning early after childhood central nervous system tumour diagnosis,"Jessica Beamish, Riley M. Damiano, A Josephine Drijver, Femke Aarsen, Martha A. Grootenhuis, Marita Partanen",2026,2026-07-18,article,Journal of Neuropsychology,OA,,10.1111/jnp.70060,https://doi.org/10.1111/jnp.70060,sleep deprivation cognitive performance work,NEW — to review
2026-07-20,B?,6,,EuropePMC,OUTPACE Tobacco study protocol: a tobacco-free workplace program for dissemination and implementation in opioid use treatment programs in Texas.,"Moosa AB, Britton M, Siddiqi AD, Martinez Leal I, Chen TA, Minnix JA, Karam-Hage MA, Cinciripini PM, Sekhar MS, Reitzel LR.",2026,2026-07-17,im; journal article,Addict Sci Clin Pract,?,,10.1186/s13722-026-00696-w,https://doi.org/10.1186/s13722-026-00696-w,hybrid work employee outcomes,NEW — to review
2026-07-20,B?,6,,EuropePMC,The impact of a national transition of treatment platform on the acceptance of internet-delivered cognitive behavioral therapy: A longitudinal study among Norwegian therapists.,"Nævdal R, Vis C, Teig IL, de Beurs D, Kenter RMF.",2026,2026-06-13,research-article; journal article,Internet Interv,OA,,10.1016/j.invent.2026.100965,https://doi.org/10.1016/j.invent.2026.100965,generative AI worker productivity,NEW — to review
2026-07-20,B?,6,,EuropePMC,"'Today, I'll manage, but not all days!' Adult refugees' meaning-making of learning and coping with trauma and other emotional distress while in language training programmes.","Tomren JF, Opaas M.",2026,2026-06-10,research-article; journal article,Eur J Psychotraumatol,OA,,10.1080/20008066.2026.2677304,https://doi.org/10.1080/20008066.2026.2677304,work engagement job demands resources,NEW — to review
2026-07-20,B?,6,,EuropePMC,Factors associated with clinical leadership among cardiovascular nurses in China: a multicentre cross-sectional study.,"Wang L, Yu H, Wu L, Wu X, Chen Y.",2026,2026-06-09,research-article; multicenter study; journal article,Ann Med,OA,,10.1080/07853890.2026.2678681,https://doi.org/10.1080/07853890.2026.2678681,psychological safety teams,NEW — to review
2026-07-20,B?,6,,EuropePMC,Multimodal biomarker characterization of amnestic objective subtle cognitive decline in aging and preclinical Alzheimer's disease.,"López-Martos D, Cacciaglia R, Suárez-Calvet M, Salvadó G, Shekari M, González-Escalante A, Milà-Alomà M, Brugulat-Serrat A, Minguillon C, Tonietto M, Borroni E, Klein G, Quijano-Rubio C, Kollmorgen G, Zetterberg H, Blennow K, Gispert JD, Grau-Rivera O, Sánchez-Benavides G, ALFA study.",2026,2026-06-08,research-article; journal article; observational study,J Prev Alzheimers Dis,OA,,10.1016/j.tjpad.2026.100612,https://doi.org/10.1016/j.tjpad.2026.100612,hybrid work employee outcomes,NEW — to review
2026-07-20,B?,6,,EuropePMC,Exposure to war-related trauma and symptoms of complex posttraumatic stress disorder among children and adolescents in Gaza.,"El-Khodary B, Iriqat R, Abo-Shamla A, Ali M, Al-Delaimy W.",2026,2026-06-02,research-article; journal article,Eur J Psychotraumatol,OA,,10.1080/20008066.2026.2665509,https://doi.org/10.1080/20008066.2026.2665509,psychological safety teams,NEW — to review
2026-07-20,B?,6,,EuropePMC,The Relation Between Parenting Stress and Children’s Social Anxiety in Chinese Family: The Roles of Maladaptive Parenting and FKBP5 Gene Variation,"Zhang B, Wang D, Di H, Li Y, Gou S, Sun Y, Gong X, Bi T.",2026,2026-06-01,research-article; journal article,Behav Sci (Basel),OA,,,https://europepmc.org/abstract/PMC/PMC13295368,occupational stress cortisol HPA axis,NEW — to review
2026-07-20,B?,6,,EuropePMC,"'I Put a Lot of Emotion in My Work, I Use It, It's My Tool': An Ethnographic Account of Algorithmic Homecare Assistance in the Netherlands.","Bergamin E, Wallenburg I.",2026,2026-06-01,"research support, non-u.s. gov't; research-article; journal article",Sociol Health Illn,OA,,10.1111/1467-9566.70211,https://doi.org/10.1111/1467-9566.70211,remote work wellbeing productivity,NEW — to review
2026-07-20,B?,6,,EuropePMC,Why Hide AI Use? Psychological Configurations and Explainable Machine Learning Evidence from Marketing Work,"Mizrak F, Karakaya T.",2026,2026-06-01,research-article; journal article,Behav Sci (Basel),OA,,,https://europepmc.org/abstract/PMC/PMC13295997,technostress employees,NEW — to review
2026-07-20,B?,6,,EuropePMC,Traumatic brain injury and post-traumatic stress disorder on brain imaging markers and cognition in a war veterans population.,"Sibilia F, Fotouhi M, Lei X, Cabeen RP, Cen S, Choupan J, Hazany S, Sheikh-Bahaei N, Alzheimer's Disease Neuroimaging Initiative.",2026,2026-05-30,research-article; journal article,J Alzheimers Dis,OA,,10.1177/13872877261450973,https://doi.org/10.1177/13872877261450973,hybrid work employee outcomes,NEW — to review
2026-07-20,B?,6,,EuropePMC,"PROTOCOL: Artificial Intelligence and Other Digital Tools Used by, and for Community Health Workers (CHWs) in Low and Middle-Income Countries (LMICs) to Improve Outcomes and Increase Effectiveness: An Evidence and Gap Map.","Philbrick WC, Milnor J, Mekuria FT, Mbachu P, Mechael P, Ssennoga B, Aranda Z.",2026,2026-05-29,research-article; journal article,Campbell Syst Rev,OA,,10.1177/18911803261439093,https://doi.org/10.1177/18911803261439093,generative AI worker productivity,NEW — to review
2026-07-20,B?,6,,EuropePMC,Calibrated Deep-Learning Risk Indexing and Latent Behavioural Profiling for Occupational Mental-Health Risk Assessment,"Khan A, Rehman K, Junaid A, Iqbal A, Siddique M, Mohmand M, Husnain G.",2026,2026-05-27,research-article; journal article,Bioengineering (Basel),OA,,,https://europepmc.org/abstract/PMC/PMC13295563,generative AI worker productivity,NEW — to review
2026-07-20,B?,6,,EuropePMC,Deepfake perpetrator conversation for adults with sexual abuse-related posttraumatic stress disorder: intervention development and multiple baseline study protocol.,"Ter Heide JJ, Bicanic I, Holtrop B, Maassen L, van Nistelrooij I, Hoogeveen M, Overbeek M, Voorendonk E, Zebel S, Gevers T, van Minnen A.",2026,2026-05-26,other; journal article,Eur J Psychotraumatol,OA,,10.1080/20008066.2026.2668166,https://doi.org/10.1080/20008066.2026.2668166,manager training mental health at work,NEW — to review
2026-07-20,B?,6,,EuropePMC,Enhancing Care Coordination and Patient Engagement Through Electronic Medical Record Utilization in Primary Healthcare: A Mixed-Methods Study.,"Devira SM, Antonio F, Widjanarko D.",2026,2026-05-25,research-article; journal article,Healthcare (Basel),OA,,10.3390/healthcare14111458,https://doi.org/10.3390/healthcare14111458,technostress employees,NEW — to review
2026-07-20,B?,6,,EuropePMC,A machine learning-based workflow for transaminase selection.,"Rago AJ, Raghavan P, Santiago-Capeles L, Zhang R, Wang Y, Coley CW.",2026,2026-05-20,research-article; journal article,Chem Sci,OA,,10.1039/d6sc00852f,https://doi.org/10.1039/d6sc00852f,hybrid work employee outcomes,NEW — to review
2026-07-20,B?,6,,EuropePMC,How Does Digital Human Resource Management Foster a Sense of Relaxation Among Generation Z Employees?,"Zhang H, Hou X, Zhao S.",2026,2026-05-20,research-article; journal article,Behav Sci (Basel),OA,,10.3390/bs16050824,https://doi.org/10.3390/bs16050824,technostress employees,NEW — to review
2026-07-20,B?,6,,EuropePMC,Burnout in Galician Community Pharmacists.,"Andrés-Rodríguez NF, Busto-Domínguez I, Mera-Gallego R, Mera-Gallego I, Guisado Barral B, León Rodríguez L, González Blanco M, Fornos-Pérez JA.",2026,2026-05-20,research-article; journal article; observational study,Farm Comunitarios,OA,,10.33620/fc.2173-9218.(2026).21,https://doi.org/10.33620/fc.2173-9218.(2026).21,job strain cardiovascular disease,NEW — to review
2026-07-20,B?,6,,EuropePMC,Factors associated with psychological distress among newly diagnosed patients with gastric cancer: A cross-sectional study.,"Ji H, Lee JY.",2026,2026-05-16,research-article; journal article,Asia Pac J Oncol Nurs,OA,,10.1016/j.apjon.2026.100981,https://doi.org/10.1016/j.apjon.2026.100981,job strain cardiovascular disease,NEW — to review
2026-07-20,B?,6,,EuropePMC,Integrating Occupational Health and Safety Into the Artificial Intelligence System Life Cycle.,"Bierbrier J, Jetha A.",2026,2026-05-12,article-commentary; journal article,Am J Ind Med,OA,,10.1002/ajim.70090,https://doi.org/10.1002/ajim.70090,hybrid work employee outcomes,NEW — to review
2026-07-20,B?,6,,EuropePMC,Corporate Welfare and Parenting Self-Regulation as Protective Resources Against Stress and Quiet Quitting: A Moderated Mediation Model Across Mothers and Fathers.,"Rapisarda S, Girardi D, Pileri J, Falco A, Dal Corso L.",2026,2026-05-11,research-article; journal article,Behav Sci (Basel),OA,,10.3390/bs16050743,https://doi.org/10.3390/bs16050743,technostress employees,NEW — to review
2026-07-20,B?,6,,EuropePMC,What affects unplanned hospital admissions in older adults according to primary healthcare professionals? A focus group study.,"Klunder JH, Kooijmans ECM, Joling KJ, Maarsingh OR, van Hout HPJ.",2026,2026-05-07,research-article; journal article,Eur J Gen Pract,OA,,10.1080/13814788.2026.2650928,https://doi.org/10.1080/13814788.2026.2650928,manager training mental health at work,NEW — to review
2026-07-20,B?,6,,EuropePMC,Understanding how adverse childhood experiences influence the development of postpartum post-traumatic stress disorder: a qualitative study in China.,"Zou L, Wang S, Liao Y, Pakhale S, Krewski D, Wen SW, Xie RH.",2026,2026-05-06,research-article; journal article,Eur J Psychotraumatol,OA,,10.1080/20008066.2026.2662053,https://doi.org/10.1080/20008066.2026.2662053,sleep deprivation cognitive performance work,NEW — to review
2026-07-20,B?,6,,EuropePMC,The Impact of Artificial Intelligence Usage on Affective Work Well-Being: A Self-Determination Theory Perspective.,"Zhang C, Chen S, Zhang D, Zhang Q.",2026,2026-04-28,research-article; journal article,Behav Sci (Basel),OA,,10.3390/bs16050670,https://doi.org/10.3390/bs16050670,technostress employees,NEW — to review
2026-07-20,B?,6,,EuropePMC,Psychological stress during medical internship is associated with inflammatory signatures linked to mental health.,"Ewert J, Meine L, McPherson E, Fehr S, Spiller TR, Dechow B, Ferrante G, Hachenberg S, Aslan L, Lüönd A, Mateescu BR, Kleim B, Cathomas F.",2026,2026-04-18,research-article; journal article,Brain Behav Immun Health,OA,,10.1016/j.bbih.2026.101243,https://doi.org/10.1016/j.bbih.2026.101243,occupational stress cortisol HPA axis,NEW — to review
2026-07-20,B?,6,,EuropePMC,Psychological capital in patients with cancer: A qualitative study based on cognitive adaptation theory.,"Lu W, Lai Q, Xiao L, Gao C, Chen P, Zhang L.",2026,2026-04-18,research-article; journal article,Asia Pac J Oncol Nurs,OA,,10.1016/j.apjon.2026.100961,https://doi.org/10.1016/j.apjon.2026.100961,loneliness work social connection,NEW — to review
2026-07-20,B?,6,,EuropePMC,Friendship: a phenomenological exploration of the lived experience of youth and of peer support workers in Youth FACT (flexible assertive community treatment) services.,"Arvesen H, Mjøsund NH, Krane V, Sommer M.",2026,2026-04-16,research-article; journal article,Int J Qual Stud Health Well-being,OA,,10.1080/17482631.2026.2660040,https://doi.org/10.1080/17482631.2026.2660040,loneliness work social connection,NEW — to review
2026-07-20,B?,6,,EuropePMC,A Moderated Mediation Model of AI-Driven Identity Threats and Employee Cyberloafing: The Role of AI-Inclusive Identity.,"Ashraf A, Min Q, Ashraf A.",2026,2026-04-01,research-article; journal article,Eur J Investig Health Psychol Educ,OA,,10.3390/ejihpe16040052,https://doi.org/10.3390/ejihpe16040052,technostress employees,NEW — to review
2026-07-20,B?,6,,EuropePMC,'Being empathetic to my patients and ourselves': a qualitative process evaluation of READ-Y psychological first aid training for healthcare workers working in routine care.,"Wang L, Li X, Qiu C, Wang J, Zeng L, Liu T, Zhong Z, Wu Y, Xu L, Liu Y, Leamy M, Hu M.",2026,2026-03-24,research-article; journal article,Eur J Psychotraumatol,OA,,10.1080/20008066.2026.2627705,https://doi.org/10.1080/20008066.2026.2627705,manager training mental health at work,NEW — to review
2026-07-20,B?,6,,EuropePMC,Managing role conflicts: work-study-life balance among single female university teachers in China pursuing doctoral degrees.,"Jia W, Boo HS.",2026,2026-03-17,research-article; journal article,Int J Qual Stud Health Well-being,OA,,10.1080/17482631.2026.2645256,https://doi.org/10.1080/17482631.2026.2645256,loneliness work social connection,NEW — to review
2026-07-20,B?,6,,EuropePMC,Roads to recognition: experiences of migrant women healthcare workers in Norwegian nursing homes.,"Hedlund Quintanilla CT, Jerve Ramsøy I, Fadnes Jacobsen F, Van den Bergh G.",2026,2026-03-17,research-article; journal article,Scand J Prim Health Care,OA,,10.1080/02813432.2026.2636588,https://doi.org/10.1080/02813432.2026.2636588,loneliness work social connection,NEW — to review
2026-07-20,B?,6,,EuropePMC,"Differences in cardiorespiratory fitness, physical activity, and pulmonary function across occupational groups and educational levels: a cross-sectional study.","Chróścielewska N, Chomiuk T, Laprus-Abramska K, Pałasz D, Mamcarz A, Śliż D.",2026,2026-03-05,research-article; journal article,Ann Med,OA,,10.1080/07853890.2026.2638086,https://doi.org/10.1080/07853890.2026.2638086,job strain cardiovascular disease,NEW — to review
2026-07-20,B?,6,,EuropePMC,Facilitators and barriers for return to work among patients with post-COVID-19 condition: a qualitative interview study.,"Sulg A, Vuokko A, Kvarnström K, Varonen M, Malmivaara A, Arokoski J, Liira H.",2026,2025-07-01,research-article; journal article,Scand J Prim Health Care,OA,,10.1080/02813432.2025.2525434,https://doi.org/10.1080/02813432.2025.2525434,generative AI worker productivity,NEW — to review
2026-07-20,B?,6,,EuropePMC,Suffering of Common Mental Disorders but Still at Work: A Longitudinal Study During Periods of Differences in Regulations for Having Sick Leave.,"Helgesson M, Gustafsson K, Leineweber C.",2026,2025-01-31,research-article; journal article,J Occup Rehabil,OA,,10.1007/s10926-025-10269-4,https://doi.org/10.1007/s10926-025-10269-4,workplace burnout neuroscience,NEW — to review
2026-07-20,B?,5,,OpenAlex,Burnout Prevention in Male Team Sport: Intervention Implications from Reciprocal Associations with Psychological Safety,"Yuhei Kotani, Yasutaka Ojio, Seiko Shirasaka",2026,2026-07-19,article,Journal of Sport Psychology in Action,?,,10.1080/21520704.2026.2701908,https://doi.org/10.1080/21520704.2026.2701908,psychological safety teams,NEW — to review
2026-07-20,B?,5,,EuropePMC,Professional burnout among dietitians and the perceived role of artificial intelligence tools.,"Kozłowska MA, Wyka J, Dzięcioł D.",2026,2026-07-10,journal article,Sci Rep,?,,10.1038/s41598-026-60369-1,https://doi.org/10.1038/s41598-026-60369-1,human-AI collaboration workplace,NEW — to review
2026-07-20,B?,5,,EuropePMC,How enterprise social media use affects employee well-being.,"Song DE, Kim S.",2026,2026-05-21,journal article,Sci Rep,?,,10.1038/s41598-026-52766-3,https://doi.org/10.1038/s41598-026-52766-3,technostress employees,NEW — to review
2026-07-20,C?,0,,arXiv,From Skill Extraction to Multistakeholder Recommendation: A Two-Stage Framework for Bias Governance in Skills-Based Job Matching,"Andrea Forster, Gregor Autischer, Dominik Kowald, Simone Kopeinik",2026,2026-07-17,preprint,arXiv,OA,yes,,http://arxiv.org/abs/2607.15707v1,job strain cardiovascular disease,NEW — to review
2026-07-20,C?,0,,arXiv,Thoughtseeds as Latent Causes: A Dual-Process Computational Phenomenology of Focused-Attention Meditation,"Prakash Chandra Kavi, Daniel Ari Friedman, Gustavo Patow",2026,2026-07-16,preprint,arXiv,OA,yes,,http://arxiv.org/abs/2607.14833v1,workplace burnout neuroscience,NEW — to review
2026-07-20,C?,-1,,arXiv,FVAttn: Adaptive Sparse Attention with Runtime Load Balancing for Video Generation,"Hao Liu, Chenghuan Huang, Ye Huang, Zhiying Wen, Hao Liu, Mohan Zhang",2026,2026-07-17,preprint,arXiv,OA,yes,,http://arxiv.org/abs/2607.16190v1,attention interruptions knowledge workers,NEW — to review
2026-07-20,C?,-1,,arXiv,Attention-Guided Saliency Maps for Interpreting Visualization Literacy in VLMs,"Maeve Hutchinson, Abderrahmane Wassim Mehdaoui, Pranava Madhyastha",2026,2026-07-17,preprint,arXiv,OA,yes,,http://arxiv.org/abs/2607.16105v1,attention interruptions knowledge workers,NEW — to review
2026-07-20,C?,-1,,arXiv,HCIG: A Hierarchical Cross-Modal Incongruity Graph Network for Multimodal Sarcasm and Cyberbullying Detection,"Bhavana Verma, Priyanka Meel, Dinesh Kumar Vishwakarma",2026,2026-07-17,preprint,arXiv,OA,yes,,http://arxiv.org/abs/2607.16076v1,attention interruptions knowledge workers,NEW — to review
2026-07-20,C?,-1,,arXiv,Frontier AI performance across the business disciplines: a case-grounded benchmark of knowledge work and analytical reasoning,"Ajay Patel, Kartik Hosanagar, Ramayya Krishnan, Chris Callison-Burch, Karim Lakhani, Mitch Weiss",2026,2026-07-17,preprint,arXiv,OA,yes,,http://arxiv.org/abs/2607.16057v1,attention interruptions knowledge workers,NEW — to review
2026-07-20,C?,-1,,arXiv,PRISA: Proactive Infrastructure LiDAR Framework for Intersection Safety Assessment,"Tam Bang, Hussam Abubakr, Emiliano de la Garza Villarreal, Truc Phuong Nguyen, Austin Harris, Toru Hirano",2026,2026-07-17,preprint,arXiv,OA,yes,,http://arxiv.org/abs/2607.16156v1,psychological safety teams,NEW — to review
2026-07-20,C?,-1,,arXiv,CLIFE: Camera-LiDAR Fusion Framework for Edge-Deployable Roadside VRU Perception,"Tam Bang, Hoang H. Nguyen, Lei Cheng, Lihao Guo, Siyang Cao, Hussam Abubakr",2026,2026-07-17,preprint,arXiv,OA,yes,,http://arxiv.org/abs/2607.16154v1,psychological safety teams,NEW — to review
2026-07-20,C?,-1,,arXiv,"SciForge: An AI-Native, Multimodal Workbench for Scientific Discovery"," SciForge Team, Zhangyang Gao, Minghao Fang, Yifei Liu, Hanhui Yang, Xinyu Gu",2026,2026-07-17,preprint,arXiv,OA,yes,,http://arxiv.org/abs/2607.16038v1,psychological safety teams,NEW — to review
2026-07-20,C?,-1,,arXiv,AgentFAIR: A Multi-Agent Collaborative Framework for FAIRness Evaluation of Geospatial Datasets,"Ming Chen, Pranav Pai",2026,2026-07-17,preprint,arXiv,OA,yes,,http://arxiv.org/abs/2607.15781v1,human-AI collaboration workplace,NEW — to review
2026-07-20,C?,-1,,arXiv,App-Based Performance Characterization of Cellular and Wi-Fi Networks in Dense Stadium Deployments,"Hardani Ismu Nabil, Muhammad Iqbal Rochman, S. M. Haider Ali Shuvo, Joshua Roy Palathinkal, Monisha Ghosh",2026,2026-07-17,preprint,arXiv,OA,yes,,http://arxiv.org/abs/2607.16008v1,job strain cardiovascular disease,NEW — to review
2026-07-20,C?,-1,,arXiv,CoG-Guided Weight Correction for Fault-Tolerant Deep Neural Networks,"Bahram Parchekani, Samira Nazari, Ali Azarpeyvand, Mohammad Hasan Ahmadilivani, Tara Ghasempouri, Jaan Raik",2026,2026-07-17,preprint,arXiv,OA,yes,,http://arxiv.org/abs/2607.15753v1,job strain cardiovascular disease,NEW — to review
2026-07-20,C?,-1,,arXiv,Scalable Training of Continuous-Time Spiking Neural Networks with Differentiable Spike-Time Discretization,"Yusuke Sakemi, Tomoya Takeuchi, Takeo Hosomi, Kazuyuki Aihara",2026,2026-07-16,preprint,arXiv,OA,yes,,http://arxiv.org/abs/2607.14672v1,workplace burnout neuroscience,NEW — to review
2026-07-20,C?,-1,,arXiv,A Complete-Data Likelihood for Epidemic Processes on Partially Observed Dynamic Networks,Md Asaduzzaman,2026,2026-07-16,preprint,arXiv,OA,yes,,http://arxiv.org/abs/2607.15179v1,job strain cardiovascular disease,NEW — to review
2026-07-20,C?,-1,,arXiv,Playful AI in Professional Email: A Field Experiment on Tone and Recipient Engagement,"Ziv Ben-Zion, Teddy Lazebnik",2026,2026-07-13,preprint,arXiv,OA,yes,,http://arxiv.org/abs/2607.11749v1,workplace burnout neuroscience,NEW — to review
2026-07-20,C?,-1,,arXiv,Quantum-classical neurons upgraded with optical spin qubits for advanced computing and networking architectures,Osama M. Nayfeh,2026,2026-07-13,preprint,arXiv,OA,yes,,http://arxiv.org/abs/2607.11992v1,workplace burnout neuroscience,NEW — to review
2026-07-20,C?,-1,,arXiv,Auditing Construct Overlap in Explainable Machine Learning: Evidence from Burnout-Depression Prediction Across Student Cohorts,"Alireza Dehghan, Negin Ashrafi",2026,2026-07-12,preprint,arXiv,OA,yes,,http://arxiv.org/abs/2607.10633v1,workplace burnout neuroscience,NEW — to review
2026-07-20,B?,8,,OpenAlex,Entrepreneurial Team Flourishing Amidst AI Revolution: The Influence of AI Literacy on Hedonic and Eudaimonic Well-Being Through Efficacy and Anxiety,"Haiqing Hu, Yusong Liu, Weiwei Kong, Zhuoyi Li",2026,2026-07-16,article,Behavioral Sciences,OA,,10.3390/bs16071198,https://doi.org/10.3390/bs16071198,technostress employees,NEW — to review
2026-07-20,B?,8,,OpenAlex,A descriptive correlational study on resilience and professional quality of life among nurses in a mental health hospital,"Aisha Mohamed Nasser Al Mawali, Fatma Mohamed Rashid Nasser Al Kaabi, Ibtisam Mohamed Salim Al Shibli, Masoud Said Khamis Al-Souti, Hamida Al Harthy, German M. Verosil Jr.",2026,2026-07-15,article,International Journal of Science and Research Archive,OA,,10.30574/ijsra.2026.20.1.1432,https://doi.org/10.30574/ijsra.2026.20.1.1432,workplace burnout neuroscience,NEW — to review
2026-07-20,B?,6,,OpenAlex,"Who Gets the Gains? Technology, Productivity, and the Split Between Labor and Capital","Zidong Lu, Suppanunta Romprasert, Danai Tanamee",2026,2026-07-19,conference-paper,Communications in computer and information science,?,,10.1007/978-3-032-33381-0_8,https://doi.org/10.1007/978-3-032-33381-0_8,generative AI worker productivity,NEW — to review
2026-07-20,B?,5,,OpenAlex,Is the university an enabling environment? A qualitative study examining the impact of university disability policy for staff,"Véronique Achmet, Warda Azaghouagh-El Fardi",2050,2050-01-01,article,Cairn.info,OA,,,https://openalex.org/W7137577846,psychological safety teams,NEW — to review
2026-07-20,B?,5,,OpenAlex,Genesis of Organizational Innovation in Healthcare,"Sabrina Grandclaude, Didier Grandclaude, Thierry Nobre, Cadenza Academic Translations",2050,2050-01-01,article,Cairn.info,OA,,,https://openalex.org/W7155574751,manager training mental health at work,NEW — to review
2026-07-20,B?,5,,OpenAlex,From Intelligence to Delegation in Human-Agent Teams in Software Development,"Kasra Dolatkhahi, Yafang Li",2026,2026-08-15,article,Journal of the Association for Information Systems,OA,,,https://openalex.org/W7166259433,human-AI collaboration workplace,NEW — to review
2026-07-20,B?,5,,OpenAlex,Reconceptualizing Tacit Knowledge Transferring in the Age of AI and Human Collaboration,Yanyan Shang,2026,2026-08-15,article,Journal of the Association for Information Systems,OA,,,https://openalex.org/W7166264557,human-AI collaboration workplace,NEW — to review
2026-07-20,B?,5,,OpenAlex,AI-Assisted Incompetence and Fraud in IT-Separating Real Talent from Artificial Credibility in Organizations,A. Shaji George,2026,2026-07-25,article,Zenodo (CERN European Organization for Nuclear Research),OA,,10.5281/zenodo.21314189,https://doi.org/10.5281/zenodo.21314189,generative AI worker productivity,NEW — to review
2026-07-20,B?,5,,OpenAlex,Trust as a mediator between physical climate conditions and human–robot collaboration efficiency in construction,"Jie Zhang, Kaiqiang Wang, Yi Yang, Yue Wang, Changyong Liu, Kailun Feng",2026,2026-07-18,article,Automation in Construction,OA,,10.1016/j.autcon.2026.107151,https://doi.org/10.1016/j.autcon.2026.107151,attention interruptions knowledge workers,NEW — to review
2026-07-20,B?,5,,OpenAlex,Digital trapped aspiration: the paradox of precarious formal labor in China’s boutique fashion sector,"Xueshi Li, Jin Su",2026,2026-07-16,article,The Journal of Chinese Sociology,OA,,10.1186/s40711-026-00263-5,https://doi.org/10.1186/s40711-026-00263-5,technostress employees,NEW — to review
2026-07-20,B?,5,,OpenAlex,What are teachers unhappy about? Factors of professional dissatisfaction of Portuguese teachers,"Orlanda Tavares, Eva Lopes Fernandes, Diana Pereira, María Assunção Flores",2026,2026-07-16,article,Oxford Review of Education,OA,,10.1080/03054985.2026.2699240,https://doi.org/10.1080/03054985.2026.2699240,technostress employees,NEW — to review
2026-07-20,B?,5,,OpenAlex,The Mediating Role of Organizational Commitment in the Relationship Between Perceived Organizational Climate and Quiet Quitting Among Nurses: A Cross-Sectional Study,"Esra Tansel Dalkın, Nihal Ünaldı Baydın",2026,2026-07-15,article,Healthcare,OA,,10.3390/healthcare14142123,https://doi.org/10.3390/healthcare14142123,workplace burnout neuroscience,NEW — to review
2026-07-20,B?,5,,EuropePMC,Feasibility and acceptability of the Health Assessment Tool (HAT) in Swedish primary care: insights into older patients' needs and professional perspectives.,"Kokoroskos E, Abbadi A, Calderón-Larrañaga A, Wachtler C.",2026,2026-06-15,research-article; multicenter study; journal article,Scand J Prim Health Care,OA,,10.1080/02813432.2026.2680549,https://doi.org/10.1080/02813432.2026.2680549,loneliness work social connection,NEW — to review
2026-07-20,B?,5,,EuropePMC,Professional quality of life of hospital nurses: A cross-sectional study.,"Oldenmenger WH, Otte-Paul A, Stoppelenburg A.",2026,2026-06-04,research-article; journal article,Int J Nurs Stud Adv,OA,,10.1016/j.ijnsa.2026.100586,https://doi.org/10.1016/j.ijnsa.2026.100586,psychological safety teams,NEW — to review
2026-07-20,B?,5,,EuropePMC,Docendo discimus: promoting patient personhood in clinical supervision - a critical phenomenological study of reciprocal professional formation in medicine.,"Greenbrook JTV, Ioannou M, Lemieux-Cumberlege AH, Gross L.",2026,2026-06-03,research-article; journal article,Philos Ethics Humanit Med,OA,,10.1186/s13010-026-00221-6,https://doi.org/10.1186/s13010-026-00221-6,workplace burnout neuroscience,NEW — to review
2026-07-20,B?,5,,EuropePMC,Patient safety in wound care: experiences of healthcare professionals in home healthcare settings.,"Sandholm V, Larsson I, Svedberg P, Gyberg A.",2026,2026-06-02,research-article; journal article,Int J Qual Stud Health Well-being,OA,,10.1080/17482631.2026.2682039,https://doi.org/10.1080/17482631.2026.2682039,attention interruptions knowledge workers,NEW — to review
2026-07-20,B?,5,,EuropePMC,Beyond the Mission: Long-Term Endocrine Dynamics in Search and Rescue Dog–Handler Teams,"Wojtaś J, Kaliszyk K, Kaszycka K, Czyżowski P, Strachecka A, Staniszewska P, Bi̇lgi̇ç B, Or M.",2026,2026-06-01,research-article; journal article,Animals (Basel),OA,,,https://europepmc.org/abstract/PMC/PMC13295725,occupational stress cortisol HPA axis,NEW — to review
2026-07-20,B?,5,,EuropePMC,Organisational readiness and preparedness for trauma-informed practice across UK frontline services: a mixed-methods study.,"Cogan N, Whittaker S, Kirk A, Hodgson W, Rasmussen S, Short C.",2026,2026-05-26,research-article; journal article,Eur J Psychotraumatol,OA,,10.1080/20008066.2026.2670135,https://doi.org/10.1080/20008066.2026.2670135,psychological safety teams,NEW — to review
2026-07-20,B?,5,,EuropePMC,The potential role of presenteeism in the association between resilience and intention to continue as a nurse among new graduate and mid-career nurses: A mediation analysis.,"Yamaguchi K, Kitagawa A, Yashiro R, Kato K, Matsumoto C, Chiang C.",2026,2026-05-14,research-article; journal article,Int J Nurs Stud Adv,OA,,10.1016/j.ijnsa.2026.100566,https://doi.org/10.1016/j.ijnsa.2026.100566,attention interruptions knowledge workers,NEW — to review
2026-07-20,C?,4,,Crossref,Organizational Factors Associated With Nurses’ Competence in Averting Failure to Rescue in Acute Care Settings,", Asonye Christian Chinedu Chichi",2121,2121-2-1,journal-article,Journal of Client-Centered Nursing Care,?,,10.32598/jccnc.7.1.358.1,https://doi.org/10.32598/jccnc.7.1.358.1,manager training mental health at work,NEW — to review
2026-07-20,C?,4,,Crossref,WEANING,"IRAM MANZOOR, Azeez Bukhari, SEEMA DAUD, Muhammad Khurram Munir, NOREEN RAHAT HASHMI, Sameer Shaharyar",2099,2099-6-10,journal-article,The Professional Medical Journal,?,,10.29309/tpmj/2009.16.02.2939,https://doi.org/10.29309/tpmj/2009.16.02.2939,attention interruptions knowledge workers,NEW — to review
2026-07-20,C?,4,,OpenAlex,"Organisational Crime:Nature, Dynamics and Regulation","Joe Davies, Nicholas; id_orcid 0000-0002-5922-707X Lord",2027,2027-01-01,book-chapter,Research Explorer (The University of Manchester),OA,,,https://openalex.org/W7167982823,hybrid work employee outcomes,NEW — to review
2026-07-20,C?,4,,OpenAlex,Supporting Midlife Career Transitions Through Coaching,Clare Mulligan-Foster,2026,2026-07-14,book,,OA,,10.4324/9781003667582,https://doi.org/10.4324/9781003667582,workplace burnout neuroscience,NEW — to review
2026-07-20,C?,3,,Crossref,Jesuit Petitioners for the Indies from the Polish-Lithuanian Commonwealth in the Early Modern Period,Elisa Frei,2026,2026-12-31,book-chapter,Early Modern Overseas Careers,?,,10.1515/9789633868836-009,https://doi.org/10.1515/9789633868836-009,technostress employees,NEW — to review
2026-07-20,C?,3,,Crossref,Index,,2026,2026-12-31,book-chapter,Early Modern Overseas Careers,?,,10.1515/9789633868836-014,https://doi.org/10.1515/9789633868836-014,technostress employees,NEW — to review
2026-07-20,C?,3,,Crossref,A Jesuit among the Kalmyks: An Example of Proto-Ethnography by the Society of Jesus in the Eighteenth Century,Paul Shore,2026,2026-12-31,book-chapter,Early Modern Overseas Careers,?,,10.1515/9789633868836-011,https://doi.org/10.1515/9789633868836-011,technostress employees,NEW — to review
2026-07-20,C?,3,,Crossref,Acknowledgements,,2026,2026-12-31,book-chapter,Early Modern Overseas Careers,?,,10.1515/9789633868836-002,https://doi.org/10.1515/9789633868836-002,technostress employees,NEW — to review
2026-07-20,C?,-2,,OpenAlex,"Natural Agents, Complex Systems and Uncertain Environments: Results from Simulations on Heuristic Organizations",Lorenzo Corno,2026,2026-12-17,preprint,HAL (Le Centre pour la Communication Scientifique Directe),OA,yes,,https://openalex.org/W7134097949,manager training mental health at work,NEW — to review
2026-07-20,C?,-2,,OpenAlex,Investigating fNIRS Test-Retest Reliability During Lexical Decision,"Laura M. Elliott, Saisha S. Rankaduwa, Cindy Hamon-Hill, Devon A. Bode, Marilla V. M. Hulls, Paige J. A. Lavoie",2026,2026-07-17,preprint,bioRxiv (Cold Spring Harbor Laboratory),OA,yes,10.64898/2026.07.14.737938,https://doi.org/10.64898/2026.07.14.737938,sleep deprivation cognitive performance work,NEW — to review
2026-07-20,C?,-2,,arXiv,When Not to Automate: A Formal Protocol for Human Preservation in AI-Optimized Organizations,"Jose Manuel de la Chica Rodriguez, Jairo Rodriguez Arias, Spyridon Chouliaras",2026,2026-07-17,preprint,arXiv,OA,yes,,http://arxiv.org/abs/2607.15944v1,human-AI collaboration workplace,NEW — to review
2026-07-20,C?,-2,,arXiv,Making Agent-Mediated Contributions Governable: A Project-Level Governance Manifest for Open-Source AI Collaboration,"Jinjin Gao, Luyang Li, Shufen Guo, Ligang He, Xiaoning Sun",2026,2026-07-17,preprint,arXiv,OA,yes,,http://arxiv.org/abs/2607.15769v1,human-AI collaboration workplace,NEW — to review
2026-07-20,C?,-2,,OpenAlex,Mental Health Risk Configuration Among Pre-service Practitioners in High Emotional Labor Service Industries: A Cross‑sectional Mixed‑methods Study on Sleep and Depression Risk,"Yue Zhao, Lijuan Gao, Ganfeng Mao, Shasha Li, Juan Gao, Gang Wang",2026,2026-07-16,preprint,Research Square,OA,yes,10.21203/rs.3.rs-10062158/v1,https://doi.org/10.21203/rs.3.rs-10062158/v1,occupational stress cortisol HPA axis,NEW — to review
2026-07-20,C?,-2,,arXiv,Helping People Choose Careers in the Age of AI,"Jennifer L. Steele, Isabella Cruz",2026,2026-07-16,preprint,arXiv,OA,yes,,http://arxiv.org/abs/2607.15506v1,job strain cardiovascular disease,NEW — to review
2026-07-20,C?,-2,,arXiv,"Cheaper AI, More Informality? A Dual Labor Market Model for Developing Economies","Gabriel Montes-Rojas, Fernando Toledo, Juan Manuel Rodríguez Repeti",2026,2026-07-16,preprint,arXiv,OA,yes,,http://arxiv.org/abs/2607.15381v1,job strain cardiovascular disease,NEW — to review
2026-07-20,C?,-2,,OpenAlex,"Active Empathic Listening among Psychological Specialists: The Role of Gender, Experience, and Professional Training","Yahya M. Khatatbeh, Bandar Alalam",2026,2026-07-14,preprint,Research Square,OA,yes,10.21203/rs.3.rs-9677287/v1,https://doi.org/10.21203/rs.3.rs-9677287/v1,workplace burnout neuroscience,NEW — to review
2026-07-27,A?,14,,OpenAlex,Non-pharmacological therapies for sleep and occupational stress regulation among nightshift nurses: a systematic review and Bayesian network meta-analysis based on randomized controlled trials,"Guangrong Deng, Li Zeng, Fang Wang, Hailong Hou, Lu Liu, Yu An",2026,2026-07-24,review,Frontiers in Public Health,OA,,10.3389/fpubh.2026.1882224,https://doi.org/10.3389/fpubh.2026.1882224,sleep deprivation cognitive performance work,NEW — to review
2026-07-27,A?,12,,OpenAlex,"Green Office Practices from a Sustainable Organizational Management Perspective: A Systematic Review of Environmental Management, Green HRM and Employee Pro-Environmental Behaviour",Jasmina Štarc,2026,2026-07-24,review,Administrative Sciences,OA,,10.3390/admsci16080355,https://doi.org/10.3390/admsci16080355,hybrid work employee outcomes,NEW — to review
2026-07-27,A?,11,,OpenAlex,"Remote-Work Preference in a Mid-Sized U.S. Metropolitan Survey Sample: Sociodemographic, Experiential, Occupational, and Attitudinal Correlates","Heba Z. Nusair, Mintai Kim",2026,2026-07-24,article,Urban Science,OA,,10.3390/urbansci10080424,https://doi.org/10.3390/urbansci10080424,remote work wellbeing productivity,NEW — to review
2026-07-27,A?,11,,OpenAlex,From algorithmic engagement to sustainable work: a TRUST-AI framework for human-centered HR analytics in emerging economy workplaces,"Mansi Arora Kapoor, Sona Vikas, Saumya Sharma",2026,2026-07-24,article,Frontiers in Human Dynamics,OA,,10.3389/fhumd.2026.1883258,https://doi.org/10.3389/fhumd.2026.1883258,generative AI worker productivity,NEW — to review
2026-07-27,A?,10,,OpenAlex,Self-compassion and its association with occupational burnout among young and middle-aged nurses: a cross-sectional study in China,"Yanyan Dong, Qionghui Sun, Jiameng Shi, Yu Ys, Jianjun Zhu, Lifang Dong",2026,2026-07-24,article,Frontiers in Psychology,OA,,10.3389/fpsyg.2026.1905982,https://doi.org/10.3389/fpsyg.2026.1905982,technostress employees,NEW — to review
2026-07-27,A?,9,,OpenAlex,Employee Engagement in Hybrid Work Environments: A Systematic Literature Review,"Priyanka Gehlot, Dr. Suresh Saini, Himanshu Kataria, Shivani Wadhwa",2026,2026-07-24,review,International Journal of Economic Practices and Theories,OA,,10.52783/ijept.764,https://doi.org/10.52783/ijept.764,remote work wellbeing productivity,NEW — to review
2026-07-27,A?,9,,OpenAlex,Approaches to employee retention challenges in corporate organisations: A systematic literature review,"Damilola Victoria Adeliyi, Ayogeboh Epizitone, Smangele Pretty Moyane",2026,2026-07-24,review,International Journal of Research in Business and Social Science (2147-4478),OA,,10.20525/ijrbs.v15i4.5050,https://doi.org/10.20525/ijrbs.v15i4.5050,remote work wellbeing productivity,NEW — to review
2026-07-27,A?,9,,OpenAlex,Preparing the maritime workforce for the twin transition: skill priorities and educational needs,"Phoebe Koundouri, Conrad Landis, Panagiota Koltsida, Lydia Papadaki, Eleni Toli",2026,2026-07-24,article,Frontiers in Environmental Economics,OA,,10.3389/frevc.2026.1887750,https://doi.org/10.3389/frevc.2026.1887750,generative AI worker productivity,NEW — to review
2026-07-27,A?,9,,OpenAlex,Quiet quitting among Gen Z and millennial employees: contributing factors and organisational mitigation strategies,"Marilyn Joe, Nelesh Dhanpat",2026,2026-07-24,article,Frontiers in Psychology,OA,,10.3389/fpsyg.2026.1839119,https://doi.org/10.3389/fpsyg.2026.1839119,generative AI worker productivity,NEW — to review
2026-07-27,A?,9,,OpenAlex,“Overdependence on algorithms?”: how artificial intelligence ethical leadership can safeguard self-efficacy and spur innovation,"Byung-Jik Kim, Yeon-Jun Choi, Julak Lee",2026,2026-07-24,article,Humanities and Social Sciences Communications,OA,,10.1057/s41599-026-08430-2,https://doi.org/10.1057/s41599-026-08430-2,technostress employees,NEW — to review
2026-07-27,A?,9,,OpenAlex,Taking the role of marketing in consumer well-being seriously: It is about time—the PACT framework,"Andreas B. Eisingerich, Deborah J. MacInnis, Barbara Duffek, Winze Tam",2026,2026-07-24,article,Journal of the Academy of Marketing Science,OA,,10.1007/s11747-026-01179-9,https://doi.org/10.1007/s11747-026-01179-9,loneliness work social connection,NEW — to review
2026-07-27,A?,9,,OpenAlex,Digital Leadership in Industry 4.0 and 5.0,Nataliia Vavdiiuk,2026,2026-07-23,article,Journal of Intelligent Decision Making and Information Science,OA,,10.59543/jidmis.v3.795,https://doi.org/10.59543/jidmis.v3.795,remote work wellbeing productivity,NEW — to review
2026-07-27,A?,9,,OpenAlex,"BURNOUT SYNDROME AMONG HEALTHCARE PROFESSIONALS: A NARRATIVE REVIEW OF EPIDEMIOLOGY, CLINICAL CONSEQUENCES, AND INTERVENTIONS","Jakub Mazur, Mateusz Kosowski, Jakub Marciniak, Daniel Chołuj, Karolina Zarówna, Weronika Pura",2026,2026-07-22,review,International Journal of Innovative Technologies in Social Science,OA,,10.31435/ijitss.3(51).2026.6238,https://doi.org/10.31435/ijitss.3(51).2026.6238,job strain cardiovascular disease,NEW — to review
2026-07-27,B?,8,,OpenAlex,Impact of sustainability practices on organizational performance: path analysis from natural resources-based view,"Yi Li, YuHeng Tian, Nelson Oly Ndubisi, G Li",2026,2026-07-25,article,Humanities and Social Sciences Communications,OA,,10.1057/s41599-026-08482-4,https://doi.org/10.1057/s41599-026-08482-4,human-AI collaboration workplace,NEW — to review
2026-07-27,B?,8,,OpenAlex,How Teacher–Learner–AI collaboration empowers AI literacy of older adults: a case study of an older adult school in China,"Dengke Liu, J H Li",2026,2026-07-25,article,Humanities and Social Sciences Communications,OA,,10.1057/s41599-026-08471-7,https://doi.org/10.1057/s41599-026-08471-7,human-AI collaboration workplace,NEW — to review
2026-07-27,B?,8,,OpenAlex,Workplace ostracism research: a bibliometric review and research trend analysis,"Shuzhao Li, Marikan Dayang Affizzah binti Awang",2026,2026-07-24,article,Human Resources Management and Services,OA,,10.18282/hrms5933,https://doi.org/10.18282/hrms5933,hybrid work employee outcomes,NEW — to review
2026-07-27,B?,8,,OpenAlex,Integrating individual and organizational factors: Drivers of patient satisfaction in Indonesia premuim hospitals,"Agus Wismoyo, Muhammad Yorga Permana",2026,2026-07-24,article,International Journal of Research in Business and Social Science (2147-4478),OA,,10.20525/ijrbs.v15i4.5250,https://doi.org/10.20525/ijrbs.v15i4.5250,attention interruptions knowledge workers,NEW — to review
2026-07-27,B?,8,,OpenAlex,"AI awareness, AI fear of missing out, and work demotivation as pathways to occupational strain in Vietnamese hospitality employees","Pham Quang Tin, T. C. Nguyen, Ha-Vi Nguyen, Le Duc Toan",2026,2026-07-24,article,Acta Psychologica,OA,,10.1016/j.actpsy.2026.107517,https://doi.org/10.1016/j.actpsy.2026.107517,technostress employees,NEW — to review
2026-07-27,B?,8,,OpenAlex,Promoting Physical and Mental Health in Blue-Collar Industries: A Longitudinal Study Using Organizational Interventions and Composite Metrics,"Ashley Matejka, Marcos A. Sanchez‐Gonzalez, Syed A. A. Rizvi, Troy Grogan, David Harris",2026,2026-07-22,article,Journal of Mind and Medical Sciences,OA,,10.3390/jmms13030017,https://doi.org/10.3390/jmms13030017,job strain cardiovascular disease,NEW — to review
2026-07-27,B?,7,,OpenAlex,The role of artificial intelligence in transforming human resource management and sustainable workplace practices,"Mohammad Sultan Ahmad Ansari, Henry Jonathan, Hothefa Shaker, Jamal A. Farooquie, Ana Jovancai Stakić",2026,2026-07-25,article,Discover Artificial Intelligence,OA,,10.1007/s44163-026-01845-5,https://doi.org/10.1007/s44163-026-01845-5,human-AI collaboration workplace,NEW — to review
2026-07-27,B?,7,,OpenAlex,Social support and work–family conflict: a systematic literature review of moderating mechanisms across occupational contexts,"Febriyeni Febriyeni, Afdal Afdal, Dina Sukma, Nurfarhanah Nurfarhanah",2026,2026-07-24,review,Journal of Counseling Education and Society,OA,,10.29210/08jces689300,https://doi.org/10.29210/08jces689300,remote work wellbeing productivity,NEW — to review
2026-07-27,B?,7,,OpenAlex,"Working in Extreme Heat, an Invisible Occupational Risk: Legislation, Risk Management and Policy Recommendations for Türkiye: Turkish Thoracic Society Workshop Report on the Regulation of Working Conditions in Extreme Heat","Sebahat Genç, Selin Çakmakcı Karakaya, Sabri Serhan Olcay, Mikdat Kadıoğlu, İstemi Ceysu Dinç Ütükler",2026,2026-07-23,article,Thoracic research and practice,OA,,10.4274/thoracrespract.2026.2026-2-5,https://doi.org/10.4274/thoracrespract.2026.2026-2-5,job strain cardiovascular disease,NEW — to review
2026-07-27,B?,7,,OpenAlex,From Mineral Waters to Mental Wellbeing: A Biopsychosocial Framework for Health Resort Medicine,"Gianluca Regazzo, Francisco Maraver, Antonella Fioravanti, Stefano Masiero",2026,2026-07-21,article,Water,OA,,10.3390/w18141755,https://doi.org/10.3390/w18141755,occupational stress cortisol HPA axis,NEW — to review
2026-07-27,B?,6,,Crossref,The digital mindfulness scale: Development and longitudinal validation in the workplace,"Elizabeth Marsh, Elvira Perez Vallejos, Alexa Spence",2027,2027-1,journal-article,Computers in Human Behavior,?,,10.1016/j.chb.2026.109124,https://doi.org/10.1016/j.chb.2026.109124,workplace burnout neuroscience,NEW — to review
2026-07-27,B?,6,,Crossref,"How to enhance employees’ emotional, cognitive, and intentional readiness for retail automation in the fashion retail industry: A mixed PLS-SEM, NCA, and fsQCA study","Xun (Catherine) Sun, Jung Ha-Brookshire",2027,2027-1,journal-article,Journal of Retailing and Consumer Services,?,,10.1016/j.jretconser.2026.104989,https://doi.org/10.1016/j.jretconser.2026.104989,technostress employees,NEW — to review
2026-07-27,B?,6,,OpenAlex,Artificial intelligence as manager: confronting implementation barriers and shaping future research,"Arne Jeppe, Tim Brée, Erik Karger, Frederik Ahlemann, Heike Proff",2026,2026-07-25,article,Management Review Quarterly,OA,,10.1007/s11301-026-00622-z,https://doi.org/10.1007/s11301-026-00622-z,remote work wellbeing productivity,NEW — to review
2026-07-27,B?,6,,OpenAlex,"Community health worker-led models for chronic disease prevention and management in the United States: A narrative review of evidence, implementation science, and policy implications","Yvonne Senam Woyome, Edward Oware",2026,2026-07-25,review,Magna Scientia Advanced Research and Reviews,OA,,10.30574/msarr.2026.17.2.0146,https://doi.org/10.30574/msarr.2026.17.2.0146,hybrid work employee outcomes,NEW — to review
2026-07-27,B?,6,,OpenAlex,"Extending the Job Demands-Resource Model in Classified Work Environments: A Longitudinal Analysis of Job Demands, Resources, Job Satisfaction, and Retention Among Engineers",Gregory Gooden,2026,2026-07-24,dissertation,ODU Digital Commons (Old Dominion University),OA,,10.25777/9t1q-3380,https://doi.org/10.25777/9t1q-3380,remote work wellbeing productivity,NEW — to review
2026-07-27,B?,6,,OpenAlex,A fine-grained defect-sensitive local–global multiscale vision transformer framework for urban visual pollution prediction,"Peng Xu, Jingyi Shen, Taotao Zou, Fa Shen, Yalun Lei, Digong Liu",2026,2026-07-24,article,Scientific Reports,OA,,10.1038/s41598-026-63974-2,https://doi.org/10.1038/s41598-026-63974-2,remote work wellbeing productivity,NEW — to review
2026-07-27,B?,6,,OpenAlex,Excess Work-Hour Proportion Between Primary and Associate Nurses in a High Care Unit: A Comparative Analytic Roster-Based Study,"Windri Dewi Ayu, Arni Wianti, Ahmad Jaelani",2026,2026-07-24,article,Juru Rawat Jurnal Update Keperawatan,OA,,10.31983/juk.v6i2.15003,https://doi.org/10.31983/juk.v6i2.15003,hybrid work employee outcomes,NEW — to review
2026-07-27,B?,6,,OpenAlex,"Human-AI Collaboration and Trust in Human Resource Management: Opportunities, Challenges and Framework for Fair Implementation",Nidhi Goel,2026,2026-07-24,article,International Journal For Multidisciplinary Research,OA,,10.36948/ijfmr.2026.v08i04.84524,https://doi.org/10.36948/ijfmr.2026.v08i04.84524,technostress employees,NEW — to review
2026-07-27,B?,6,,OpenAlex,When Faculty Work Is Measured but Faculty Lives Are Not,"Khandakar Kamrul Hasan, Md. Abu Hasnat, Hissan Khandakar",2026,2026-07-23,article,,OA,,10.66246/93sa9419,https://doi.org/10.66246/93sa9419,workplace burnout neuroscience,NEW — to review
2026-07-27,B?,6,,OpenAlex,Empathic leadership and workforce retention,Helen Riess,2026,2026-07-23,book-chapter,Edward Elgar Publishing eBooks,OA,,10.4337/9781035332526.00020,https://doi.org/10.4337/9781035332526.00020,workplace burnout neuroscience,NEW — to review
2026-07-27,B?,6,,EuropePMC,Cognitive gains and addictive losses: The double-edged sword of Generative AI on employee creative thinking.,"Zhang W, Zhang X, Li F, Zeng X, Wu J.",2026,2026-06-27,journal article,Acta Psychol (Amst),?,,10.1016/j.actpsy.2026.107324,https://doi.org/10.1016/j.actpsy.2026.107324,human-AI collaboration workplace,NEW — to review
2026-07-27,B?,5,,Crossref,High-dimensional Inference Via Hybrid Orthogonalization,"Yang Li, Zemin Zheng, Jia Zhou, Ziwei Zhu",2029,2029,journal-article,Statistica Sinica,?,,10.5705/ss.202025.0220,https://doi.org/10.5705/ss.202025.0220,hybrid work employee outcomes,NEW — to review
2026-07-27,B?,5,,Crossref,AI-Enabled Force and Torque Control for Human Robot Interaction,Vishal Khanna,2028,2028-6-15,journal-article,i-manager's Journal on Augmented &amp; Virtual Reality,?,,10.26634/javr.4.1.1115,https://doi.org/10.26634/javr.4.1.1115,human-AI collaboration workplace,NEW — to review
2026-07-27,B?,5,,Crossref,Edge AI in Wearable Devices,Prof.Anu Jyothy,2028,2028-6-15,journal-article,i-manager's Journal on Augmented &amp; Virtual Reality,?,,10.26634/javr.4.1.1116,https://doi.org/10.26634/javr.4.1.1116,human-AI collaboration workplace,NEW — to review
2026-07-27,B?,5,,Crossref,"When employees mistreat service robots: Customer moral reactions, behavioral contagion, and service provider evaluation","Taeshik Gong, Yu-Shan Huang",2027,2027-1,journal-article,Journal of Retailing and Consumer Services,?,,10.1016/j.jretconser.2026.104998,https://doi.org/10.1016/j.jretconser.2026.104998,technostress employees,NEW — to review
2026-07-27,B?,5,,OpenAlex,WORK BEYOND HOURS: THE RIGHT TO DISCONNECT,,2026,2026-07-25,book-chapter,Anu Books,OA,,10.31995/book.ab365.j326.ch.5,https://doi.org/10.31995/book.ab365.j326.ch.5,attention interruptions knowledge workers,NEW — to review
2026-07-27,B?,5,,OpenAlex,Predictors of psychological resilience among high-risk professionals: a two-year follow-up study in Dutch firefighters,"Bert Lenaert, Tom J. Barry, Ineke Ten Hertog, Miriam J.J. Lommen",2026,2026-07-24,article,European Journal of Psychotraumatology,OA,,10.1080/20008066.2026.2696100,https://doi.org/10.1080/20008066.2026.2696100,occupational stress cortisol HPA axis,NEW — to review
2026-07-27,B?,5,,OpenAlex,Institutional Challenges and Strategic Pathways of Bangladesh University of Professionals to Academic Excellence,"Md. Mahbubul Alam, Mayeesha Tabassum, Helal Uddin",2026,2026-07-24,article,Journal of Tertiary Education and Learning,OA,,10.54536/jtel.v4i2.7437,https://doi.org/10.54536/jtel.v4i2.7437,hybrid work employee outcomes,NEW — to review
2026-07-27,B?,5,,OpenAlex,A Study on HRIS Implementation &amp;amp; its Acceptance among HR Professionals in MSME Companies: A Socioeconomic Exploration,Ms. Shama Parween,2026,2026-07-24,article,Journal of Asia Entrepreneurship and Sustainability,OA,,10.66635/tw56jf88,https://doi.org/10.66635/tw56jf88,technostress employees,NEW — to review
2026-07-27,B?,5,,OpenAlex,The Leadership Lens: A Phenomenological Study of the Lived Sensemaking Experiences of School Leaders Implementing Virginia's New Standards of Accreditation and Accountability,Paul Wilson Jr.,2026,2026-07-22,dissertation,ODU Digital Commons (Old Dominion University),OA,,10.25777/tesn-9j39,https://doi.org/10.25777/tesn-9j39,workplace burnout neuroscience,NEW — to review
2026-07-27,B?,5,,OpenAlex,Exploring the Perceptions of United States Dentists and Dental Hygienists Towards Implementation of New Workforce Shortage Policies,Hite Newton Jones,2026,2026-07-22,dissertation,ODU Digital Commons (Old Dominion University),OA,,10.25777/52kj-2q75,https://doi.org/10.25777/52kj-2q75,job strain cardiovascular disease,NEW — to review
2026-07-27,C?,4,,OpenAlex,The effect of cooperative learning method on students' perceptions of empowerment and the development of professional accounting competencies,Wahida Zraa,2026,2026-07-24,dissertation,University of Southern Queensland ePrints (University of Southern Queensland),OA,,10.26192/q1y52,https://doi.org/10.26192/q1y52,attention interruptions knowledge workers,NEW — to review
2026-07-27,C?,4,,OpenAlex,Clinical Artificial Intelligence Systems in Dentistry: Designing for Safe Human-AI Collaboration,"Shwetha Hegde, Rajesh Vasa",2026,2026-07-22,book-chapter,IntechOpen eBooks,OA,,10.5772/intechopen.1015701,https://doi.org/10.5772/intechopen.1015701,workplace burnout neuroscience,NEW — to review
2026-07-27,C?,0,,OpenAlex,AI-Increased Talent Retention Strategies: Fostering Long-Term Employee Engagement and Development in Talent Management,Jay Barach,2026,2026-07-22,preprint,arXiv (Cornell University),OA,yes,,https://openalex.org/W7170988897,workplace burnout neuroscience,NEW — to review
2026-07-27,C?,0,,arXiv,A Framework of User Experience Principles for Human-AI Agent Interaction in the Workplace,"Kathrin Paimann, Elizangela Valarini, Sebastian Juhl",2026,2026-07-22,preprint,arXiv,OA,yes,,http://arxiv.org/abs/2607.19941v1,workplace burnout neuroscience,NEW — to review
2026-07-27,C?,-1,,arXiv,NUMA balancing hampering performance of spiking network simulations,"Melissa Lober, Alp Inangu, Gorka Peraza Coppola, Dennis Terhorst, Sebastian Gillessen, Jan Vogelsang",2026,2026-07-24,preprint,arXiv,OA,yes,,http://arxiv.org/abs/2607.22275v1,workplace burnout neuroscience,NEW — to review
2026-07-27,C?,-1,,arXiv,When Language Models Meet NeuroGraphs: Exploring Enhanced Agentic LLM Framework Towards Brain Network Analysis,"Jiaxing Li, Rui Dong, Muyao Tang, Youyong Kong",2026,2026-07-24,preprint,arXiv,OA,yes,,http://arxiv.org/abs/2607.22082v1,workplace burnout neuroscience,NEW — to review
2026-07-27,C?,-1,,arXiv,Composition Anisotropy Drives Large Bulk Photovoltaic Fields Along the Non-polar Vertical Direction in 2D Hybrid Perovskite Ferroelectrics,"Yuzhong Hu, Andrii Shcherbakov, Jonathan Zerhoch, Lars Schneider, Shangpu Liu, Xitao Liu",2026,2026-07-24,preprint,arXiv,OA,yes,,http://arxiv.org/abs/2607.22261v1,occupational stress cortisol HPA axis,NEW — to review
2026-07-27,C?,-1,,arXiv,Exact Neural-Network Representations of the Motzkin States,"Runde Zha, Yuntian Gu, Chaohui Fan, Jia-lin Chen, Hai-Jun Liao, Tao Xiang",2026,2026-07-24,preprint,arXiv,OA,yes,,http://arxiv.org/abs/2607.22522v1,remote work wellbeing productivity,NEW — to review
2026-07-27,C?,-1,,arXiv,Payne4GAIN: NLTE Corrections for Red Giants in Milky Way Mapper using H-Band Neural Network Emulators,"Pierre Thibodeaux, Alexander P. Ji, Nicholas Storm, Maria Bergemann, Rana Ezzeddine, Yuan-sen Ting",2026,2026-07-24,preprint,arXiv,OA,yes,,http://arxiv.org/abs/2607.22499v1,remote work wellbeing productivity,NEW — to review
2026-07-27,C?,-1,,arXiv,A Self-Calibrating Agentic AI Framework for Autonomous Edge Resource Allocation,"Fin Gentzen, Marla Grunewald, Iulisloi Zacarias, Mounir Bensalem, Admela Jukan",2026,2026-07-24,preprint,arXiv,OA,yes,,http://arxiv.org/abs/2607.22400v1,attention interruptions knowledge workers,NEW — to review
2026-07-27,C?,-1,,arXiv,Correlated Coherent Errors in Stabilizer Codes: A General Cumulant Framework and Interference-Based Error Suppression,"Rohan N Rajmohan, Antoine Brillant, Peter Groszkowski, Alireza Seif, Jens Koch, Aashish Clerk",2026,2026-07-24,preprint,arXiv,OA,yes,,http://arxiv.org/abs/2607.22503v1,work engagement job demands resources,NEW — to review
2026-07-27,C?,-1,,arXiv,Neuromorphic Non-Orthogonal Multiple Access for Parallel Remote Inference via Vector Symbolic Architecture,"Jiechen Chen, Zihang Song, Dengyu Wu, Bipin Rajendran, Osvaldo Simeone",2026,2026-07-24,preprint,arXiv,OA,yes,,http://arxiv.org/abs/2607.22155v1,human-AI collaboration workplace,NEW — to review
2026-07-27,C?,-1,,arXiv,"CausalForge: A Formally Grounded, Self-Improving Agentic Framework for Automated Research in Causal Inference","Jiyuan Tan, Vasilis Syrgkanis",2026,2026-07-24,preprint,arXiv,OA,yes,,http://arxiv.org/abs/2607.22511v1,generative AI worker productivity,NEW — to review
2026-07-27,C?,-1,,arXiv,Learning on the Job: Continual Learning from Deployment Feedback for Frozen-Weights Agents,"Valentin Tablan, Scott Taylor, Kristoffer Bernhem",2026,2026-07-24,preprint,arXiv,OA,yes,,http://arxiv.org/abs/2607.22157v1,job strain cardiovascular disease,NEW — to review
2026-07-27,C?,-1,,arXiv,Understanding ADHD Productivity in Construction Work: Toward AI-enabled VR Interventions,"Zinat Ara, Behzad Esmaeili, Lap-Fai Yu, Sungsoo Ray Hong",2026,2026-07-21,preprint,arXiv,OA,yes,,http://arxiv.org/abs/2607.18605v1,workplace burnout neuroscience,NEW — to review
2026-07-27,C?,-2,,OpenAlex,Metabolic engineering of Escherichia coli to modulate hydrogen sulfide levels in the mammalian gut,"Justin A. Hayes, Brent Buchinger, Anna W. Lunger, Tanvi Khanvilkar, William Gasparrini, Matthew T. Fernez",2026,2026-07-24,preprint,bioRxiv (Cold Spring Harbor Laboratory),OA,yes,10.64898/2026.07.23.738723,https://doi.org/10.64898/2026.07.23.738723,sleep deprivation cognitive performance work,NEW — to review
2026-07-27,C?,-2,,OpenAlex,Area-level context and functional brain organization across the lifespan,"Jocelyn A. Ricard, Chase Antonacci, Gabriel Reyes, Eugenia Giampetruzzi, Jivesh Ramduny, Gracie Grimsrud",2026,2026-07-23,preprint,bioRxiv (Cold Spring Harbor Laboratory),OA,yes,10.64898/2026.07.21.739899,https://doi.org/10.64898/2026.07.21.739899,sleep deprivation cognitive performance work,NEW — to review
2026-07-27,C?,-2,,arXiv,The Human-AI Substitution Principle: When will you be replaced by AI in your organization?,"Bonny Banerjee, Shreya Singh",2026,2026-07-22,preprint,arXiv,OA,yes,,http://arxiv.org/abs/2607.20781v1,technostress employees,NEW — to review
2026-07-27,C?,-2,,arXiv,Assessment in Team Problem-Solving Exercises in Computing Education,"Valdemar Švábenský, Jan Vykopal, Sukrit Leelaluk, Pavel Čeleda, Fumiya Okubo, Atsushi Shimada",2026,2026-07-21,preprint,arXiv,OA,yes,,http://arxiv.org/abs/2607.19209v1,workplace burnout neuroscience,NEW — to review
2026-08-03,A?,12,,OpenAlex,"Remote Work Flexibility, Technological Infrastructure, and Managerial Support as Drivers of Employee Productivity: The Moderating Role of Job Satisfaction",Aisha Mirghani Shibeika,2026,2026-07-31,article,Journal of Intelligent Decision Making and Information Science,OA,,10.59543/jidmis.v3.1254,https://doi.org/10.59543/jidmis.v3.1254,remote work wellbeing productivity,NEW — to review
2026-08-03,A?,11,,OpenAlex,Investigating the Impact of Occupational Stress on Employee Performance,"Hikmatullah Wahidi, Sayed Nematullah Hashimi, Zubair Azimi",2026,2026-07-31,article,Journal of Social Sciences & Humanities,OA,,10.62810/jssh.v3i3.351,https://doi.org/10.62810/jssh.v3i3.351,technostress employees,NEW — to review
2026-08-03,A?,10,,OpenAlex,"Singeing with Spent Motor Tyres: Environmental and Occupational Health-Risk Awareness Among Abattoir Workers in Makurdi, Nigeria","Baturh Yarkwan, Olije Elizabeth Adah, ThankGod Omiagocho Isaac",2026,2026-08-01,article,"Journal of Food Innovation, Nutrition, and Environmental Sciences",OA,,10.70851/jfines.2026.3(3).276.290,https://doi.org/10.70851/jfines.2026.3(3).276.290,human-AI collaboration workplace,NEW — to review
2026-08-03,A?,10,,OpenAlex,"Digital stress, employee performance, and mental well-being: examining the moderated mediation role of social media use","Priyanka Gupta, Girish Lakhera, Manu Sharma, S. Joshi, Amar Johri, Seema Khurshid Qureshi",2026,2026-07-31,article,Frontiers in Human Dynamics,OA,,10.3389/fhumd.2026.1828819,https://doi.org/10.3389/fhumd.2026.1828819,remote work wellbeing productivity,NEW — to review
2026-08-03,A?,10,,OpenAlex,Workplace Mental Health Programs for Healthcare Workers: A Systematic Review,"Jimmy Jacob, Priyanka Malaiyappan, Vettrivel Arul, Taranjot Kaur, Shanthini Vijayaraman, Greety Antony",2026,2026-07-30,review,International Journal of Environmental Research and Public Health,OA,,10.3390/ijerph23081002,https://doi.org/10.3390/ijerph23081002,workplace burnout neuroscience,NEW — to review
2026-08-03,A?,9,,OpenAlex,Measurement of Reliability and Construct Validity of Intensification of Job Demands Scale,"Grace Odilia, Rezki Ashriyana Sulistiobudi",2026,2026-07-31,article,Journal Research of Social Science Economics and Management,OA,,10.59141/jrssem.v5i12.1010,https://doi.org/10.59141/jrssem.v5i12.1010,remote work wellbeing productivity,NEW — to review
2026-08-03,A?,9,,OpenAlex,Sustainable Human Resource Practices and Their Impact on SDG 8: Decent Work and Economic Growth,Amer Hani Al-Qassem,2026,2026-07-31,article,Journal of Intelligent Decision Making and Information Science,OA,,10.59543/jidmis.v3.1056,https://doi.org/10.59543/jidmis.v3.1056,remote work wellbeing productivity,NEW — to review
2026-08-03,A?,9,,OpenAlex,Beyond Economic Efficiency: A Strategic Communication and Digital Governance Framework for Saudi Arabia’s Unified Health Insurance Reform toward Vision 2030,Kholod Saleh Huneiti Ahmed AlHasan,2026,2026-07-31,article,Journal of Intelligent Decision Making and Information Science,OA,,10.59543/jidmis.v3.1335,https://doi.org/10.59543/jidmis.v3.1335,hybrid work employee outcomes,NEW — to review
2026-08-03,A?,9,,OpenAlex,A Fairness-Constrained Multimodal Adaptive Reinforcement Learning Framework for Personalized Candidate Evaluation in Virtual Interviews,Mallikarjuna G D,2026,2026-07-31,article,Journal of Intelligent Decision Making and Information Science,OA,,10.59543/jidmis.v3.1036,https://doi.org/10.59543/jidmis.v3.1036,hybrid work employee outcomes,NEW — to review
2026-08-03,A?,9,,OpenAlex,Remote training of behavioral intervention facilitators: model development and lessons learned,"Yong Gun Lee, Vitaliy Vinogradov, Ethan H. Freedman, Kelsey G. Reeder, Alissa Davis, Emily Allen Paine",2026,2026-07-31,article,Frontiers in Digital Health,OA,,10.3389/fdgth.2026.1768119,https://doi.org/10.3389/fdgth.2026.1768119,attention interruptions knowledge workers,NEW — to review
2026-08-03,A?,9,,OpenAlex,Reproducible Performance Evaluation of a Hybrid Hadoop–Spark Big Data Architecture Using Urban Mobility and Global Event Datasets,Serik Aliaskarov,2026,2026-07-31,article,Journal of Intelligent Decision Making and Information Science,OA,,10.59543/jidmis.v3.1068,https://doi.org/10.59543/jidmis.v3.1068,attention interruptions knowledge workers,NEW — to review
2026-08-03,A?,9,,OpenAlex,Leveraging large language models (LLMs) for GeoAI-enabled digital agro-advisory,"Shalini Gakhar, Raj Kumar Singh",2026,2026-07-31,article,Frontiers in Remote Sensing,OA,,10.3389/frsen.2026.1839369,https://doi.org/10.3389/frsen.2026.1839369,generative AI worker productivity,NEW — to review
2026-08-03,A?,9,,OpenAlex,Data Privacy in E-Healthcare: A Systematic Review of Frameworks and Approaches,"Punam Prabha, Kakali Chatterjee",2026,2026-07-31,review,International Journal of Computer Applications,OA,,10.5120/ijca45d7e536906f,https://doi.org/10.5120/ijca45d7e536906f,generative AI worker productivity,NEW — to review
2026-08-03,A?,9,,OpenAlex,An EEG-based fatigue detection framework integrating interpretable feature selection and efficient temporal modeling,"Xiaohong Jiang, Lili Chen, Xin Zhao, Tao Chen, Maoyou Chu, Hao Wu",2026,2026-07-31,article,Frontiers in Neuroscience,OA,,10.3389/fnins.2026.1903252,https://doi.org/10.3389/fnins.2026.1903252,sleep deprivation cognitive performance work,NEW — to review
2026-08-03,A?,9,,OpenAlex,Sleep and Circadian Disruption as Contributors to Early Cardiometabolic Vulnerability Among Shift-Working Healthcare Professionals: A Systematic Review,"Salahuddin Mohammed, Sultan AlDhabei, Aleem Unissa, David Butler, Md Dilshad Manzar",2026,2026-07-31,review,Current Epidemiology Reports,OA,,10.1007/s40471-026-00402-z,https://doi.org/10.1007/s40471-026-00402-z,job strain cardiovascular disease,NEW — to review
2026-08-03,B?,8,,OpenAlex,Occupational stress and burnout among Japanese early childhood education and care teachers: the mediating role of psychological safety,"Matsuda Yuko, Hamada Shoko",2026,2026-12-01,article,Institutional Repositories DataBase (IRDB),OA,,,https://openalex.org/W7168060107,psychological safety teams,NEW — to review
2026-08-03,B?,8,,OpenAlex,A hybrid framework for occupational risk prioritization in construction projects using monte carlo simulation and utility theory,"Md Tanvir Rahman Rifat, Shuvo Dip Datta, Md. Mehrab Hossain, Md Shah Jamal, Marcel Maghiar, Sani Aliyu Abubakar",2026,2026-08-01,article,Scientific Reports,OA,,10.1038/s41598-026-63788-2,https://doi.org/10.1038/s41598-026-63788-2,hybrid work employee outcomes,NEW — to review
2026-08-03,B?,8,,OpenAlex,The Tyranny of Algorithms: The Failure of Big Data-Based Strategic HRM to Predict Organizational Resilience in the Age of the Black Swan,"Ghofur, Mahmud Abdul; Universitas KH Mukhtar Syafaat Banyuwangi, Indonesia, Siti Aimah",2026,2026-07-31,article,International Journal of Science and Environment (IJSE),OA,,10.51601/ijse.v6i2.762,https://doi.org/10.51601/ijse.v6i2.762,human-AI collaboration workplace,NEW — to review
2026-08-03,B?,8,,OpenAlex,"Causal Relationships among Artificial Intelligence Capability, Organizational Innovation Climate, Digital Infrastructure Readiness and Educational Quality of Thai Private Universities",Sukhumpong Channuwong,2026,2026-07-31,article,Journal of Intelligent Decision Making and Information Science,OA,,10.59543/jidmis.v3.1139,https://doi.org/10.59543/jidmis.v3.1139,generative AI worker productivity,NEW — to review
2026-08-03,B?,8,,OpenAlex,Addressing AI-induced technostress and job insecurity: a dual intervention model for safeguarding employee mental health,"Muskan Madaan, Shivani Kapoor",2026,2026-07-31,article,Mental Health and Social Inclusion,?,,10.1108/mhsi-06-2026-0223,https://doi.org/10.1108/mhsi-06-2026-0223,technostress employees,NEW — to review
2026-08-03,B?,8,,OpenAlex,Professional identity formation in health professions education: conceptual foundations and a pragmatic approach,"Matthew Tieu, Gregory B. Crawford",2026,2026-07-30,article,Advances in Health Sciences Education,OA,,10.1007/s10459-026-10569-1,https://doi.org/10.1007/s10459-026-10569-1,workplace burnout neuroscience,NEW — to review
2026-08-03,B?,7,,OpenAlex,"Loneliness in Digital Workplaces: Antecedents, Outcomes, and a Typology of Work Configurations","Hasan Koç, Jennifer Hynes, Feline Kreye",2026,2026-07-31,article,Complex Systems Informatics and Modeling Quarterly,OA,,10.7250/csimq.2026-47.01,https://doi.org/10.7250/csimq.2026-47.01,remote work wellbeing productivity,NEW — to review
2026-08-03,B?,7,,OpenAlex,APPLYING ORGANIZATIONAL SUPPORT THEORY TO MITIGATE DIGITAL FATIGUE AND BURNOUT AMONG REMOTE UX/UI DESIGNERS POST-PANDEMIC: A HUMAN-CENTERED HR APPROACH,Şenay Çaylan,2026,2026-07-31,article,Yönetim Bilimleri Dergisi,OA,,10.35408/comuybd.1677440,https://doi.org/10.35408/comuybd.1677440,remote work wellbeing productivity,NEW — to review
2026-08-03,B?,7,,OpenAlex,Occupational Safety and Work Accidents: A Bibliometric Analysis,"Ertan Karahanlı, Cengiz Mutlu",2026,2026-07-31,article,Doğu Karadeniz Sağlık Bilimleri Dergisi,OA,,10.59312/ebshealth.1787371,https://doi.org/10.59312/ebshealth.1787371,human-AI collaboration workplace,NEW — to review
2026-08-03,B?,7,,OpenAlex,WORKPLACE HEALTH PROMOTION THROUGH ERGONOMIC EXERCISE AMONG INFORMAL PALM SUGAR WORKERS: A PRE-POST INTERVENTION STUDY,"Ajeng Irawati, Aniek Puspitosari",2026,2026-07-31,article,Jurnal Kesehatan Kusuma Husada,OA,,10.34035/jk.v17i2.2061,https://doi.org/10.34035/jk.v17i2.2061,job strain cardiovascular disease,NEW — to review
2026-08-03,B?,7,,OpenAlex,"Association Between Morning Serum Cortisol and Burnout Syndrome in Healthcare Workers in Boyacá, Colombia: A Cross-Sectional Study","Juan Pablo Carvajal-Rojas, Fred Gustavo Manrique Abril",2026,2026-07-29,article,International Journal of Environmental Research and Public Health,OA,,10.3390/ijerph23080995,https://doi.org/10.3390/ijerph23080995,occupational stress cortisol HPA axis,NEW — to review
2026-08-03,B?,6,,Crossref,Human touch in an AI world: How coaching leadership mitigates burnout in the hospitality sector,"Xiaomeng Li, Ziyi Gong, Seung-Wan Kang, Suk Bong Choi",2027,2027-1,journal-article,International Journal of Hospitality Management,?,,10.1016/j.ijhm.2026.104848,https://doi.org/10.1016/j.ijhm.2026.104848,workplace burnout neuroscience,NEW — to review
2026-08-03,B?,6,,Crossref,"Hurt at home, loafing at work: Spillover effect of family ostracism on hospitality employees’ cyberloafing and its mitigation through self- and others’ care","Lijing Zhao, Sunghyuck Mah, Xiaoqing Pan, Muhammad Usman",2027,2027-1,journal-article,International Journal of Hospitality Management,?,,10.1016/j.ijhm.2026.104854,https://doi.org/10.1016/j.ijhm.2026.104854,technostress employees,NEW — to review
2026-08-03,B?,6,,OpenAlex,"Leisure Nostalgia and Flourishing: The Mediating Roles of Job Satisfaction, Task Performance, and Career Decision Regret",Halime Dinç,2026,2026-07-31,article,Türkiye Spor Bilimleri Dergisi,OA,,10.32706/tusbid.1906970,https://doi.org/10.32706/tusbid.1906970,remote work wellbeing productivity,NEW — to review
2026-08-03,B?,6,,OpenAlex,The Work-Life Balance and Its Success Factors Contributing to Increased Performance of Female Academics at a South African Higher Education Institution,"Brian Kwazi Majola, Makiting Karabo Kgaphola",2026,2026-07-31,article,International Journal of Applied Research in Business and Management,OA,,10.51137/wrp.ijarbm.862,https://doi.org/10.51137/wrp.ijarbm.862,hybrid work employee outcomes,NEW — to review
2026-08-03,B?,6,,OpenAlex,Effectiveness of bullying interventions for health workforces: A systematic literature review,Jennifer Cox,2026,2026-07-31,dissertation,,OA,,10.26686/nzpv-085h,https://doi.org/10.26686/nzpv-085h,attention interruptions knowledge workers,NEW — to review
2026-08-03,B?,6,,OpenAlex,Distinction between allergic rhinitis alone and allergic rhinitis + asthma in MASK-air® real-world studies; a ARIA-WAO task force review,"Bernardo Sousa-Pinto, Rafael José Vieira, Ana Margarida Pereira, Alkis Togias, Ludger Klimek, Gerard H. Koppelman",2026,2026-07-31,article,World Allergy Organization Journal,OA,,10.1016/j.waojou.2026.101435,https://doi.org/10.1016/j.waojou.2026.101435,generative AI worker productivity,NEW — to review
2026-08-03,B?,6,,OpenAlex,"The Relationship Between Workforce Agility, Alienation, And Psychological Empowerment in The Digital Context","Serap Demirler, Lale Oral Ataç",2026,2026-07-31,article,Ege Akademik Bakis (Ege Academic Review),OA,,10.21121/eab.202600230,https://doi.org/10.21121/eab.202600230,technostress employees,NEW — to review
2026-08-03,B?,6,,OpenAlex,TRUST CENTRIC FRAMEWORK FOR ARTIFICIAL INTELLIGENCE INTEGRATION IN PUBLIC ADMINISTRATION,Shaza Khalid,2026,2026-07-31,article,Budi Luhur Journal of Strategic & Global Studies,OA,,10.36080/jsgs.v4i2.81,https://doi.org/10.36080/jsgs.v4i2.81,technostress employees,NEW — to review
2026-08-03,B?,6,,OpenAlex,The Relationship between Work-Family Conflict and Presenteeism in Working Parents,"Toru Saigusa, Tetsuko Yamamoto, Yukari NISHIOKA, Rie KAWATA, Taichi Sakai",2026,2026-07-30,article,Asian Journal of Human Services,OA,,10.14391/ajhs.e3004.1.017,https://doi.org/10.14391/ajhs.e3004.1.017,workplace burnout neuroscience,NEW — to review
2026-08-03,B?,6,,OpenAlex,Exploring the Possibility of Developing a Psychosocial Exposure Limit (PSEL) for the Mitigation of Occupational Injuries,"Laliv Egozi, Asher Pardo",2026,2026-07-30,article,Occupational Health,OA,,10.3390/occuphealth1030033,https://doi.org/10.3390/occuphealth1030033,job strain cardiovascular disease,NEW — to review
2026-08-03,B?,5,,OpenAlex,Allyship and Affect: Qualitative Investigations into Social Transformation,Michael Lucinda Jane Greer,2026,2026-09-01,dissertation,CUNY Academic Works (City University of New York),OA,,,https://openalex.org/W7172077467,loneliness work social connection,NEW — to review
2026-08-03,B?,5,,OpenAlex,The Neurodivergent Social Worker,"Florence Smith, Jenni Guthrie",2026,2026-07-31,book,,OA,,10.4324/9781003635703,https://doi.org/10.4324/9781003635703,workplace burnout neuroscience,NEW — to review
2026-08-03,B?,5,,OpenAlex,"Trabajo social, bienestar psicosocial y productividad laboral frente a las barreras tecnológicas","Rita Jackeline Medina-Hurtado, Gardenia Elizabeth Bohórquez-Jaramillo, Dolores Ramón, Julián Coronel-Reyes",2026,2026-07-31,article,Multidisciplinary Latin American Journal (MLAJ),OA,,10.62131/mlaj-v4-n2-019,https://doi.org/10.62131/mlaj-v4-n2-019,remote work wellbeing productivity,NEW — to review
2026-08-03,B?,5,,OpenAlex,"Understanding and Strengthening Sexual and Reproductive Health for Aboriginal and Torres Strait Islander Young Peoples: Epidemiological, Interventional and Qualitative Insights",Kate Whitford,2026,2026-07-29,dissertation,"UNSWorks (University of New South Wales, Sydney, Australia)",OA,,10.26190/unsworks/32556,https://doi.org/10.26190/unsworks/32556,job strain cardiovascular disease,NEW — to review
2026-08-03,C?,4,,OpenAlex,Representing the brand: A study to examine the best practices for structuring and operating communications teams in higher education institutions,Margaret L Reisser,2026,2026-12-01,dissertation,UTC Scholar (University of Tennessee at Chattanooga),OA,,,https://openalex.org/W7172074592,hybrid work employee outcomes,NEW — to review
2026-08-03,C?,0,,arXiv,Revisiting Stress Analysis in a Three-Dimensional Elastic Hollow Sphere under Uniaxial Compression via the Inverse Laplace Transform Expressions within an Elastodynamic Framework,"Satoshi Takada, Shintaro Hokada",2026,2026-07-31,preprint,arXiv,OA,yes,,http://arxiv.org/abs/2607.29286v1,occupational stress cortisol HPA axis,NEW — to review
2026-08-03,C?,-1,,arXiv,Quantum Inspired QUBO Assisted ALNS for Reliability Driven Hurricane Restoration of Distribution Networks,"Hooman Torkaman, Jignesh Solanki, Anurag Srivastava",2026,2026-07-31,preprint,arXiv,OA,yes,,http://arxiv.org/abs/2607.29544v1,occupational stress cortisol HPA axis,NEW — to review
2026-08-03,C?,-1,,arXiv,The Tragedy of the Cognitive Commons: How AI Could Disrupt the Regeneration of Professional Expertise,Nolan Lovett,2026,2026-07-31,preprint,arXiv,OA,yes,10.1177/15344843261470602,http://arxiv.org/abs/2607.29380v1,occupational stress cortisol HPA axis,NEW — to review
2026-08-03,C?,-1,,arXiv,A Group-Theoretical Framework for Local k-Space Topology and Berry Phase in 2D Photonic Systems,"Xinyi Yuan, Grazia Salerno",2026,2026-07-31,preprint,arXiv,OA,yes,,http://arxiv.org/abs/2607.29356v1,occupational stress cortisol HPA axis,NEW — to review
2026-08-03,C?,-1,,arXiv,"Data Visualization Style Guides in Practice: Why They Emerge, How They Work, and When They Bend","Alvitta Ottley, Jonathan Schwabish",2026,2026-07-31,preprint,arXiv,OA,yes,,http://arxiv.org/abs/2607.29645v1,remote work wellbeing productivity,NEW — to review
2026-08-03,C?,-1,,arXiv,Marginal generalized raking with parametric working models,"Brian D Williamson, Runjia Zou, Thomas Lumley, Bryan E Shepherd, Pamela A Shaw",2026,2026-07-31,preprint,arXiv,OA,yes,,http://arxiv.org/abs/2607.29629v1,remote work wellbeing productivity,NEW — to review
2026-08-03,C?,-1,,arXiv,Telecom-compatible polarization-to-time-bin conversion of atom-photon entanglement for heterogeneous quantum networks,"Christian Haen, Julian Groß-Funk, Max Bergerhoff, Pascal Baumgart, Jonas Meiers, Tobias Bauer",2026,2026-07-31,preprint,arXiv,OA,yes,,http://arxiv.org/abs/2607.29609v1,hybrid work employee outcomes,NEW — to review
2026-08-03,C?,-1,,arXiv,CWEEP: A Lexical Static Analysis Framework for CWE Early Prevention,"Bryan Kwan, Benjamin Tan",2026,2026-07-31,preprint,arXiv,OA,yes,,http://arxiv.org/abs/2607.29604v1,hybrid work employee outcomes,NEW — to review
2026-08-03,C?,-1,,arXiv,Twin Impact Lunar Telescope network: Lunar Impact Flash observations of the 2025 Geminids,"Daniel Sheward, Marco Delbo, Chrysa Avdellidou, Philippe Lognonné, Jeremie Vaubaillon, Pierre-Yves Froissart",2026,2026-07-31,preprint,arXiv,OA,yes,,http://arxiv.org/abs/2607.29481v1,psychological safety teams,NEW — to review
2026-08-03,C?,-1,,arXiv,RIGEL: Real-time Optical Anomaly Diagnosis with Stateful In-Network Inference based on Distributed On-switch GNNs,"Zhen Wei, Yidong Wang, Yufan Zhu, Xuefeng Yan, Binjun Tang, Xiaoliang Chen",2026,2026-07-31,preprint,arXiv,OA,yes,,http://arxiv.org/abs/2607.29306v1,human-AI collaboration workplace,NEW — to review
2026-08-03,C?,-1,,arXiv,Classification of COVID-19 cases from chest CT volumes using hybrid model of 3D CNN and 3D MLP-Mixer,"Masahiro Oda, Tong Zheng, Yuichiro Hayashi, Yoshito Otake, Masahiro Hashimoto, Toshiaki Akashi",2026,2026-07-31,preprint,arXiv,OA,yes,10.1117/12.2654706,http://arxiv.org/abs/2607.28978v1,job strain cardiovascular disease,NEW — to review
2026-08-03,C?,-1,,arXiv,Automated classification method of COVID-19 cases from chest CT volumes using 2D and 3D hybrid CNN for anisotropic volumes,"Masahiro Oda, Tong Zheng, Yuichiro Hayashi, Yoshito Otake, Masahiro Hashimoto, Toshiaki Akashi",2026,2026-07-31,preprint,arXiv,OA,yes,10.1117/12.2613317,http://arxiv.org/abs/2607.28950v1,job strain cardiovascular disease,NEW — to review
2026-08-03,C?,-1,,arXiv,"The optimality of an (s, S) hiring policy on a workforce planning problem with fixed recruitment costs and binomial turnover","Zhen Chen, Roberto Rossi, Belen Martin-Barragan, S. Armagan Tarim",2026,2026-07-30,preprint,arXiv,OA,yes,,http://arxiv.org/abs/2607.28171v1,technostress employees,NEW — to review
2026-08-03,C?,-2,,arXiv,"Educating the Agentic Engineer: Curricula, Collaboration, and Continuous Learning in the AI Era",Mamdouh Alenezi,2026,2026-07-31,preprint,arXiv,OA,yes,,http://arxiv.org/abs/2607.29610v1,psychological safety teams,NEW — to review
2026-08-03,C?,-2,,arXiv,Constraining Axion-Like-Particles with germanium detector at the Kuo-Sheng Reactor Neutrino Laboratory," TEXONO Collaboration, Greeshma C., L. Singh, H. T. Wong, J. -W. Chen, M. Deniz",2026,2026-07-31,preprint,arXiv,OA,yes,,http://arxiv.org/abs/2607.29205v1,human-AI collaboration workplace,NEW — to review
2026-08-10,A?,11,,OpenAlex,Heart rate variability and burnout risk among healthy employees in jobs involving interaction with others,"Irina Böckelmann, Jonas Hartung, Sabine Darius, Stefan Sammito, Beatrice Thielmann",2026,2026-08-04,article,Frontiers in Physiology,OA,,10.3389/fphys.2026.1908141,https://doi.org/10.3389/fphys.2026.1908141,occupational stress cortisol HPA axis,NEW — to review
2026-08-10,A?,10,,OpenAlex,Preliminary study on the prevalence of workplace psychological terror among Hungarian athletes,"Viktória Resperger, Tamás Berki, Anikó Kapros",2026,2026-08-07,article,Frontiers in Sports and Active Living,OA,,10.3389/fspor.2026.1828117,https://doi.org/10.3389/fspor.2026.1828117,human-AI collaboration workplace,NEW — to review
2026-08-10,A?,10,,OpenAlex,Angry and “productive”: engagement in gamified precarious work,Irina Dzero,2026,2026-08-07,article,Frontiers in Psychology,OA,,10.3389/fpsyg.2026.1833833,https://doi.org/10.3389/fpsyg.2026.1833833,generative AI worker productivity,NEW — to review
2026-08-10,A?,9,,OpenAlex,A Systematic Review of Cybercrime in Hybrid Cyber–Physical Space,"Ling Wu, Yuchen Wang, Claire Seungeun Lee, Wei Li, Xinyue Ye",2026,2026-08-08,review,American Journal of Criminal Justice,OA,,10.1007/s12103-026-09938-8,https://doi.org/10.1007/s12103-026-09938-8,human-AI collaboration workplace,NEW — to review
2026-08-10,A?,9,,OpenAlex,Moral emotion processing in euthymic bipolar disorder: insights from network analysis,"Marialaura Lussignoli, Giulia Cattarinussi, Alessandro Miola, Nicolò Trevisan, Silvia Valeggia, Renzo Manara",2026,2026-08-08,article,European Archives of Psychiatry and Clinical Neuroscience,OA,,10.1007/s00406-026-02344-5,https://doi.org/10.1007/s00406-026-02344-5,loneliness work social connection,NEW — to review
2026-08-10,A?,9,,OpenAlex,Biopsychosocial and organizational factors explaining professional engagement,"Tânia Gaspar, Fábio Botelho Guedes, Ana Cerqueira, Elisa Aires, Dulce Pinto, Natália Costa",2026,2026-08-07,article,Frontiers in Public Health,OA,,10.3389/fpubh.2026.1906716,https://doi.org/10.3389/fpubh.2026.1906716,remote work wellbeing productivity,NEW — to review
2026-08-10,A?,9,,OpenAlex,Mapping psychosocial work exposures across construction: a multilevel evidence gap map with implications for offsite construction,"Yize Guo, Don Amila Sajeevan Samarasinghe, Wajiha Shahzad, Ravi Reddy, Zechen Guan",2026,2026-08-07,article,Frontiers in Built Environment,OA,,10.3389/fbuil.2026.1868534,https://doi.org/10.3389/fbuil.2026.1868534,hybrid work employee outcomes,NEW — to review
2026-08-10,A?,9,,OpenAlex,When leadership becomes epistemic: paradoxes of educational leadership in AI-mediated systems,László Balázs,2026,2026-08-07,article,Frontiers in Education,OA,,10.3389/feduc.2026.1919644,https://doi.org/10.3389/feduc.2026.1919644,technostress employees,NEW — to review
2026-08-10,A?,9,,OpenAlex,Mapping desires for cities design: a conceptual framework and methodological roadmap for well-being-centred urban form in the 15-minute city,"Nohemí Ramirez Aranda, Arjan van Timmeren, Birgit Hausleitner, Alexander Wandl",2026,2026-08-06,article,Frontiers in Environmental Science,OA,,10.3389/fenvs.2026.1811931,https://doi.org/10.3389/fenvs.2026.1811931,job strain cardiovascular disease,NEW — to review
2026-08-10,A?,9,,OpenAlex,"Mapping the symptom network of anxiety, depression, somatic symptoms and sleep disturbances in 15,642 infertile women: a retrospective cohort study identifying targets for fertility care","Yan Wang, Yuyang Wang, Yue Feng, Yu Pu",2026,2026-08-05,article,Frontiers in Public Health,OA,,10.3389/fpubh.2026.1884236,https://doi.org/10.3389/fpubh.2026.1884236,occupational stress cortisol HPA axis,NEW — to review
2026-08-10,A?,9,,OpenAlex,"Human Capital Development Programs, Employee Performance, and Employee Well-Being During Poly-Crisis: The Role of Work–Family Conflict and Technostress at SMEs in Lebanon",Najib Bou Zakhem,2026,2026-08-05,article,Societies,OA,,10.3390/soc16080249,https://doi.org/10.3390/soc16080249,technostress employees,NEW — to review
2026-08-10,A?,9,,OpenAlex,Navigating Face-To-Face Communication in the Era of Remote Work among Gen Z,"Risma Maharani, Melly Maulin Purwaningwulan, Manap Solihat",2026,2026-08-05,conference-paper,Proceeding of International Conference on Business Economics Social Sciences and Humanities,OA,,10.34010/icobest.v9i.914,https://doi.org/10.34010/icobest.v9i.914,technostress employees,NEW — to review
2026-08-10,B?,8,,OpenAlex,Sequential patterns of challenges and socially shared regulation of learning: a comparison of pre-service and in-service teachers’ collaborative learning,"Faisal Channa, Piia Näykki, Päivi Häkkinen, Kristóf Fenyvesi, Takumi Yada",2026,2026-08-08,article,Instructional Science,OA,,10.1007/s11251-026-09818-y,https://doi.org/10.1007/s11251-026-09818-y,work engagement job demands resources,NEW — to review
2026-08-10,B?,8,,OpenAlex,The predictive influence of principals’ ethical leadership on teacher work engagement in secondary schools,"Ayanaw Zewdu Mengstu, Menber Enyew Yohannes, Kindu Ayechew Ayenalem",2026,2026-08-08,article,Discover Education,OA,,10.1007/s44217-026-01989-7,https://doi.org/10.1007/s44217-026-01989-7,work engagement job demands resources,NEW — to review
2026-08-10,B?,8,,OpenAlex,"Candidate Biological Indicators of Occupational Stress in Healthcare Workers: Heart Rate, Free Triiodothyronine and HDL Cholesterol—A Cross-Sectional Study","Tanja Lupieri, Martina Hrvačić, Dubravka Švob Štrac, Suzana Uzun, Dunja Degmečić",2026,2026-08-07,article,Nursing Reports,OA,,10.3390/nursrep16080277,https://doi.org/10.3390/nursrep16080277,occupational stress cortisol HPA axis,NEW — to review
2026-08-10,B?,8,,OpenAlex,Prevalent risk factors and determinants of cardiovascular disease among staff in South-South Nigeria,"Bernadine N. Ekpenyong, Iniobong Boniface Williams, Margaret Inemesit Akpan, Peter Alexander, Obiageli Onwusaka, Aniekanabasi Jonathan Okon",2026,2026-08-07,article,Calabar Journal of Health Sciences,OA,,10.25259/cjhs_19_2025,https://doi.org/10.25259/cjhs_19_2025,job strain cardiovascular disease,NEW — to review
2026-08-10,B?,8,,OpenAlex,Thriving or surviving? Unveiling the dual faces of technostress in the digital work era: A quest for creativity and empowerment,"Di Ye, Di Ai, Jintao Zheng, Linlin Zheng",2026,2026-08-06,article,Journal of Innovation & Knowledge,OA,,10.1016/j.jik.2026.101096,https://doi.org/10.1016/j.jik.2026.101096,technostress employees,NEW — to review
2026-08-10,B?,8,,OpenAlex,"The Association Between Nurse Managers’ Trust, Inclusive Leadership Style and Staff Nurses’ Work Effectiveness in Saudi Arabian Hospitals: A Descriptive Cross-Sectional Study","Reem AL‐Dossary, Noura Almadani, Maram Banakhar, Hibah Abdulrahim Bahri",2026,2026-08-02,article,Healthcare,OA,,10.3390/healthcare14152353,https://doi.org/10.3390/healthcare14152353,workplace burnout neuroscience,NEW — to review
2026-08-10,B?,7,,Crossref,"Green servant leadership in action via a multi-level analysis of psychological climate’s role across employees, managers, and guests in hotels","Ahmed Magdy, Yahia Zakaria Aly, Hamada Hassan, Islam Elbayoumi Salem",2027,2027-1,journal-article,International Journal of Hospitality Management,?,,10.1016/j.ijhm.2026.104860,https://doi.org/10.1016/j.ijhm.2026.104860,technostress employees,NEW — to review
2026-08-10,B?,7,,OpenAlex,Impact of Demographic Variables on Employee Engagement in Private Sector Banks,"Priyanka Devi, Nidhi Gupta",2026,2026-08-08,article,International Journal of Drug Delivery Technology,OA,,10.25258/ijddt.16.73s.80,https://doi.org/10.25258/ijddt.16.73s.80,work engagement job demands resources,NEW — to review
2026-08-10,B?,7,,OpenAlex,SHIELDing Project-Based Learning: A Design-Informed Framework for Sustainable Community Engagement,"Brooklyn Coulson, Tim Maciag",2026,2026-08-07,article,Proceedings of the Canadian Engineering Education Association (CEEA),OA,,10.24908/pceea.2026.21541,https://doi.org/10.24908/pceea.2026.21541,hybrid work employee outcomes,NEW — to review
2026-08-10,B?,7,,OpenAlex,"A STUDY ON ORGANIZATIONAL SUPPORT AND STRESS MANAGEMENT AMONG WOMEN EMPLOYEES IN THE IT SECTOR WITH REFERENCE TO BENGALURU CITY, KARNATAKA, INDIA","Yuktha S, Pooja Rajaram Hegde, Vaishnavi Fadipatil, Mr. Syed Akbar Hussain",2026,2026-08-07,article,EPRA International Journal of Economics Business and Management Studies,OA,,10.36713/epra28821,https://doi.org/10.36713/epra28821,attention interruptions knowledge workers,NEW — to review
2026-08-10,B?,7,,OpenAlex,"Enterprise ownership, workplace culture, and smoking cessation difficulty in China: A cross-sectional data analysis","Gang Wang, Kecheng Du",2026,2026-08-07,article,Tobacco Induced Diseases,OA,,10.18332/tid/226285,https://doi.org/10.18332/tid/226285,job strain cardiovascular disease,NEW — to review
2026-08-10,B?,7,,OpenAlex,Exposure to workplace bullying and violence/threats of violence and subsequent working life expectancy among older workers: A Swedish prospective cohort study,"Rebecka Holmgren, Holendro Singh Chungkham, Linda L Magnusson Hanson, Tianwei Xu, Kristina Alexanderson, Kristin Farrants",2026,2026-08-07,article,Scandinavian Journal of Work Environment & Health,OA,,10.5271/sjweh.4320,https://doi.org/10.5271/sjweh.4320,job strain cardiovascular disease,NEW — to review
2026-08-10,B?,7,,OpenAlex,Knowledge Hiding and Organizational Innovation: Examining the Role of Workplace Competition,Muhammad Farman ur Rehman,2026,2026-08-07,article,Lahore Journal of Business,OA,,10.35536/ljb.2026.v13.i2.a5,https://doi.org/10.35536/ljb.2026.v13.i2.a5,manager training mental health at work,NEW — to review
2026-08-10,B?,7,,OpenAlex,"Teaching With <scp>AI</scp> , Engaging With Purpose: University Teachers' Work Engagement in <scp>AI</scp> ‐Supported Higher Education",Xinxing Wu,2026,2026-08-06,article,European Journal of Education,OA,,10.1111/ejed.70820,https://doi.org/10.1111/ejed.70820,technostress employees,NEW — to review
2026-08-10,B?,7,,OpenAlex,"Digital Transformation Pressure, Techno-Stress, and Creative Performance: The Moderating Role of Digital Leadership","Wawat Hermawati, Mahfud Mahfud, Bagas Taqwa, Evy Oktaviani Fauzi Astuti",2026,2026-08-06,article,Inkubis Jurnal Ekonomi dan Bisnis,OA,,10.59261/inkubis.v8i2.362,https://doi.org/10.59261/inkubis.v8i2.362,technostress employees,NEW — to review
2026-08-10,B?,6,,Crossref,Honest words may sound harsh: Research on the differentiated effects of negative workplace gossip on targets,"Shuaikang Wang, Pengbo Li, Xia Ao, Ru Fan",2027,2027-1,journal-article,International Journal of Hospitality Management,?,,10.1016/j.ijhm.2026.104855,https://doi.org/10.1016/j.ijhm.2026.104855,workplace burnout neuroscience,NEW — to review
2026-08-10,B?,6,,OpenAlex,Workload Experienced by General Ward Nurses and Its Impact to Patient Safety,"Jezalin Cabonitalla, Joel John Dela Merced",2026,2026-08-08,article,International Journal of Nursing Healthcare and Hospital Administration,OA,,10.66206/eduheart.ijnhha.126,https://doi.org/10.66206/eduheart.ijnhha.126,psychological safety teams,NEW — to review
2026-08-10,B?,6,,OpenAlex,Optimizing productivity and employee retention through advanced human resource strategies in small businesses,"Vijay Solanki, Alfaiz Madhiya, S. M. Rezvi, Furqaan Mujtahid, Babul Sarker, Khandakar Rabbi Ahmed",2026,2026-08-07,article,Scientific Reports,OA,,10.1038/s41598-026-65617-y,https://doi.org/10.1038/s41598-026-65617-y,hybrid work employee outcomes,NEW — to review
2026-08-10,B?,6,,OpenAlex,"Beyond AI Adoption: How AI Governance, Technology Trust, and Organizational Culture Shape Employee Empowerment in Local Government","Muhammad Noor, Adam Idris, Annisa Wahyuni Arsyad, Gilang Wilmantara, Iman Surya, Dessy Fitrianitha",2026,2026-08-07,article,F1000Research,OA,,10.12688/f1000research.186865.1,https://doi.org/10.12688/f1000research.186865.1,human-AI collaboration workplace,NEW — to review
2026-08-10,B?,6,,OpenAlex,Association rule mining for proactive hazard identification in construction work activities,"Rossy Armyn Machfudiyanto, Titi Sari Nurul Rachmawati, Khrisna Primaputra, Sunkuk Kim, Muhammad Yahya Alfandi Tuasikal, Che Khairil Izam Che Ibrahim",2026,2026-08-07,article,International Journal of Construction Management,OA,,10.1080/15623599.2026.2712622,https://doi.org/10.1080/15623599.2026.2712622,generative AI worker productivity,NEW — to review
2026-08-10,B?,6,,OpenAlex,Implementation and Performance Evaluation of Occupational Health and Safety Management Systems in a Building Construction Project,"Hendra Hendra, Heru Pramanda, Dedek Ariansyah, Bunyamin Bunyamin, M Reza Hani",2026,2026-08-07,article,Disaster in Civil Engineering and Architecture,OA,,10.70028/dcea.v3i2.107,https://doi.org/10.70028/dcea.v3i2.107,generative AI worker productivity,NEW — to review
2026-08-10,B?,6,,OpenAlex,Evaluating Behavioral Teaching Strategies for Dance Teachers Working with Neurodiverse Children,"Sarah Davis, Brianna M. Anderson, Tricia Vause, Nicole Staite, Linda Morrice, Maureen Connolly",2026,2026-08-07,article,Journal of the International Society for Teacher Education,OA,,10.26522/jiste.v30i1.5131,https://doi.org/10.26522/jiste.v30i1.5131,manager training mental health at work,NEW — to review
2026-08-10,B?,6,,OpenAlex,Noradrenaline and cortisol exert differential effects on working memory and risk-taking behaviour in military personnel,"Lukas van Herk, Bastiaan Bruinsma, Antoin de Weijer, Elbert Geuze",2026,2026-08-06,article,Psychopharmacology,OA,,10.1007/s00213-026-07136-2,https://doi.org/10.1007/s00213-026-07136-2,occupational stress cortisol HPA axis,NEW — to review
2026-08-10,B?,6,,OpenAlex,WORK LIFE BALANCE AMONG MILLENNIAL FEMALE TEACHERS IN KALYANA KARNATAKA: AN EMPIRICAL STUDY,"Jayashree Patil, Arun Kumar G",2026,2026-08-05,article,JOURNAL OF MANAGEMENT,OA,,10.34218/jom_13_02_005,https://doi.org/10.34218/jom_13_02_005,technostress employees,NEW — to review
2026-08-10,B?,6,,OpenAlex,"Caring labor performance and employment barriers among parents of children with autism spectrum disorder: An organizational behavior and bioethics perspective, with conceptual reflections on AI-informed neuroleadership","Dimitrios Dimitriou, Litsa Lagakou, Maria Sartzetaki, Pegky Dimitriou, Aristi Karagkouni",2026,2026-08-03,article,Artificial Intelligence in Health,OA,,10.36922/aih026240059,https://doi.org/10.36922/aih026240059,workplace burnout neuroscience,NEW — to review
2026-08-10,B?,5,,Crossref,Employee-led disclosure of anthropomorphism in tourism GAI failure recovery: A mind perception model from tourists and employees,"Xiaoxiao Qi, Zixuan Huang, Wen Chang",2027,2027-2,journal-article,Tourism Management,?,,10.1016/j.tourman.2026.105509,https://doi.org/10.1016/j.tourman.2026.105509,technostress employees,NEW — to review
2026-08-10,B?,5,,Crossref,Civil Liability of Banks for Employees’ Actions toward Customers,"Mohammad Hassan Asadi, Seyed Ahmad Ali Hashemi",2027,2027,journal-article,"Journal of Historical Research, Law and Policy",?,,10.61838/jhrlp.264,https://doi.org/10.61838/jhrlp.264,technostress employees,NEW — to review
2026-08-10,B?,5,,OpenAlex,How AI induces professional identity threats: A survey study with public relations professionals,"Yan Qu, Jordan Morehouse, Shuning Lu, Taufiq Ahmad",2026,2026-08-08,article,Public Relations Review,OA,,10.1016/j.pubrev.2026.102745,https://doi.org/10.1016/j.pubrev.2026.102745,work engagement job demands resources,NEW — to review
2026-08-10,B?,5,,OpenAlex,"Family, Work, and Community Issues for Parents of Children with Mental Health Disabilities","Claudia Sellmaier, Lisa M. Stewart",2026,2026-08-07,book,,OA,,10.4324/9781003532668,https://doi.org/10.4324/9781003532668,occupational stress cortisol HPA axis,NEW — to review
2026-08-10,B?,5,,OpenAlex,"Sports team participation in high school and adolescent and young adult depression and anxiety across sex, race/ethnicity, and socioeconomic status","Malya Hirshkowitz, Lenna Nepomnyaschy",2026,2026-08-07,article,Journal of Research on Adolescence,OA,,10.1111/jora.70246,https://doi.org/10.1111/jora.70246,loneliness work social connection,NEW — to review
2026-08-10,B?,5,,OpenAlex,Barriers and Facilitators to Sexual and Reproductive Healthcare for Women in Opioid Use Disorder Recovery: Perspectives from Recovery Healthcare Professionals,"Jessica L. Zemlak, Lisa Grabert, Hannah Brennan, Nicole Mattson",2026,2026-08-07,article,Healthcare,OA,,10.3390/healthcare14162448,https://doi.org/10.3390/healthcare14162448,manager training mental health at work,NEW — to review
2026-08-10,C?,0,,OpenAlex,Disengagement and Perceived Work Performance Among Healthcare Professionals in a Tertiary Care Hospital in South India: A Correlational Study.,"Leena Kunnath Chacko, Chime Dolkar, Tashi Yangzom, Tenzing Kalden, Sheetal Muttippalathingal, Varsha Mandapath Joshy",2026,2026-08-07,preprint,Research Square,OA,yes,10.21203/rs.3.rs-10494198/v1,https://doi.org/10.21203/rs.3.rs-10494198/v1,manager training mental health at work,NEW — to review
2026-08-10,C?,-1,,OpenAlex,Counsellor review of artificial intelligence recommendations improves feasibility adjusted career fit and reduces socioeconomic disparity,Karan Gupta,2026,2026-08-07,preprint,Research Square,OA,yes,10.21203/rs.3.rs-10516581/v1,https://doi.org/10.21203/rs.3.rs-10516581/v1,human-AI collaboration workplace,NEW — to review
2026-08-10,C?,-1,,OpenAlex,Internal Coherence of Multi-Level AI-Generated Content: A Comparative Analysis of Novice and Experienced Teachers' Consistency within the IAT Framework,Hossein Talebzadeh,2026,2026-08-07,preprint,Research Square,OA,yes,10.21203/rs.3.rs-10607265/v1,https://doi.org/10.21203/rs.3.rs-10607265/v1,generative AI worker productivity,NEW — to review
2026-08-10,C?,-1,,OpenAlex,A social network analysis model approach to understanding continuing care retirement community policies in China,"Xuechun Wang, Bo Xia, Qing Chen, Martin Skitmore, Huiming Liu, Jiaxuan E",2026,2026-08-07,preprint,Research Square,OA,yes,10.21203/rs.3.rs-9562126/v1,https://doi.org/10.21203/rs.3.rs-9562126/v1,manager training mental health at work,NEW — to review
2026-08-10,C?,-1,,arXiv,Estimating GHG Emissions from AI Use: Framework for Corporate-Level Measurement,"John Bistline, Shaena Ulissi, Steven J. Davis, Jonathan Glidden, James Joyce, Mo Li",2026,2026-08-07,preprint,arXiv,OA,yes,,http://arxiv.org/abs/2608.06733v1,technostress employees,NEW — to review
2026-08-10,C?,-1,,arXiv,FedDOSE: Federated Learning Framework Decomposing Site Effects for Modeling Brain Dynamic Functional Connectivity,"Deepank Girish, Yi Hao Chan, Yubin Zheng, Sukrit Gupta, Jagath C. Rajapakse",2026,2026-08-07,preprint,arXiv,OA,yes,,http://arxiv.org/abs/2608.07393v1,loneliness work social connection,NEW — to review
2026-08-10,C?,-1,,arXiv,LYRA: Label-Free Structural Synchronization and Resource Allocation for UAV Edge Networks,"Feng He, Alireza Furutanpey, Paolo Bellavista, Yu Qiu, Jiangchuan Liu, Jiannong Cao",2026,2026-08-07,preprint,arXiv,OA,yes,,http://arxiv.org/abs/2608.07392v1,loneliness work social connection,NEW — to review
2026-08-10,C?,-1,,arXiv,EpiFlow: A framework for improving the utility of wastewater signals for disease forecasting,"Aniruddha Adiga, Jingyuan Chou, Gursharn Kaur, Andrew Warren, Srinivasan Venkatramanan, Baltazar Espinoza",2026,2026-08-07,preprint,arXiv,OA,yes,,http://arxiv.org/abs/2608.06671v1,job strain cardiovascular disease,NEW — to review
2026-08-10,C?,-1,,OpenAlex,Psychological Profiles of Aged Blue-Collar and White-Collar Workers,"Pasquale Bufano, Francesca Mastorci, Alice Fattori, Anna Comotti, Simone Russo, Catalina Ciocan",2026,2026-08-06,preprint,Research Square,OA,yes,10.21203/rs.3.rs-10382710/v1,https://doi.org/10.21203/rs.3.rs-10382710/v1,technostress employees,NEW — to review
2026-08-10,C?,-2,,OpenAlex,"When AI Threatens, Does Collaboration Rescue? A Moderated Dual-Path Model of AI Replacement Awareness and Self-Efficacy","Zhuo Li, Teng Wang",2026,2026-08-07,preprint,Research Square,OA,yes,10.21203/rs.3.rs-10504531/v1,https://doi.org/10.21203/rs.3.rs-10504531/v1,generative AI worker productivity,NEW — to review
2026-08-10,C?,-2,,arXiv,Toward Resilient Human-AI Collaboration: A Lifecycle Taxonomy of Sociotechnical Risks and Cascading Failures,"Md Foysal Ahmed, Isaac Kobby Anni, Md Main Uddin Rony",2026,2026-08-06,preprint,arXiv,OA,yes,,http://arxiv.org/abs/2608.05614v1,technostress employees,NEW — to review
2026-08-10,C?,-2,,OpenAlex,Acute and cumulative light exposure differentially influence mood in healthy adults,"Chloe Roddis, Altuğ Didikoğlu, Aghileh Ebrahimi, Amy Gillespie, Catherine J. Harmer, Beatriz Baño‐Otálora",2026,2026-08-05,preprint,bioRxiv (Cold Spring Harbor Laboratory),OA,yes,10.64898/2026.07.31.742017,https://doi.org/10.64898/2026.07.31.742017,workplace burnout neuroscience,NEW — to review
2026-08-10,C?,-2,,OpenAlex,Pervasive integrative and conjugative elements shape <i>Porphyromonas gingivalis</i> gene repertoires,"Cole B. Matrishin, Elaine M. Haase, Ashley K. Miles, Stephanie Steimer, Dam Soh, Matthew Smardz",2026,2026-08-05,preprint,bioRxiv (Cold Spring Harbor Laboratory),OA,yes,10.64898/2026.08.04.741601,https://doi.org/10.64898/2026.08.04.741601,job strain cardiovascular disease,NEW — to review
